item_code,item_description,MRP,Basic Price,MOQ
170E2095,FUSE 250A 500V TP 405 AR,,5440,5
170E3584,FUSE 80A 750V 1*EK/155 GDC DC gR,,8435,1
170L4716,FUSE 200A 1000V 1SHT AR,,8310,3
170L7299,FUSE 1000A 1000V 3/110 AR,,6225,1
170L7299-H,FUSE 1000A 1000V 3S/100 AR,,7035,1
170L8082,FUSE 525A 1000V 2SKN/170 AR,,7865,2
170L8109,FUSE 450A 1000V 2S/130 AR,,8665,2
170L8110,FUSE 450A 1000V 2SKN/170 AR,,7725,2
170L8115,FUSE 450A 1000V 2STN/130 AR,,8535,1
170L8880,FUSE 500A 1000V 2BKN/75 AR,,4230,2
170L9578,FUSE 750A 1000V 3BKN/75 AR,,10275,2
170L9581,FUSE 725A 1000V 3BKN/75 AR,,10525,2
170L9666,FUSE 1000A 1000V 3BN/75 AR,,8300,2
170N3437,FUSE 65A 660V 0000FU/65 GR,,1800,10
170M0213,FUSE 40A 660V 0000FU/65 GR UR,,630,10
170M1309,FUSE 16A 690V 000U/80 GR UC,,660,10
170M1310,FUSE 20A 690V 000U/80 GR UC,,670,10
170M1312,FUSE 32A 690V 000U/80 GR UC,,735,10
170M1314,FUSE 50A 690V 000U/80 GR UC,,735,10
170M1316,FUSE 80A 690V 000U/80 AR UC,,860,10
170M1358,FUSE 10A 690V 000/80 GR UC,,660,10
170M1359,FUSE 16A 690V 000/80 GR UC,,660,10
170M1360,FUSE 20A 690V 000/80 GR UC,,660,10
170M1408,FUSE 10A 690V 000TN/80 GR UC,,525,10
170M1409,FUSE 16A 690V 000TN/80 GR UC,,540,10
170M1410,FUSE 20A 690V 000TN/80 GR UC,,555,10
170M1411,FUSE 25A 690V 000TN/80 GR UC,,570,10
170M1412,FUSE 32A 690V 000TN/80 GR UC,,590,10
170M1413,FUSE 40A 690V 000TN/80 GR UC,,605,10
170M1414,FUSE 50A 690V 000TN/80 GR UC,,630,10
170M1750,FUSE 25A 690V 000FU/70 AR CU,,1115,5
170M1755,FUSE 80A 690V IEC aR 000FU/70,,1340,5
170M1757,FUSE 125A 690V 000FU/70 AR CU,,1445,5
170M1760,FUSE 250A 690V 000FU/70 AR CU,,1580,5
170M1761,FUSE 315A 690V IEC aR 000FU/70,,1625,1
170M1802,FUSE 25A 1000V IEC aR 000FU/90,,2310,3
170M1804,FUSE 40A 1000V 000FU/90 AR,,2300,3
170M1806,FUSE 63A 1000V 000FU/90 AR UR,,2365,3
170M1808,FUSE 100A 1000V 000FU/90 AR UR,,2425,3
170M1810,FUSE 160A 1000V 000FU/90 AR UR,,2830,3
170M1811,FUSE 200A 1000V 000FU/90 AR UR,,2915,3
170M1813,FUSE 250A 1000V 000FU/90 AR UR,,4175,3
170M1831,FUSE 400A 1000V 230FU/90 AR CU,,6930,6
170M2005,FUSE 160A 750VDC 1C/A124 PC GR,,8605,1
170M2010,FUSE 450A 750VDC A3/A130 PC GR,,16580,1
170M2011,FUSE 500A 750VDC A3/A130 PC GR,,17755,1
170M3008,FUSE 40A 690V 1*/80 AR UC,,2170,6
170M3009,FUSE 50A 690V 1*/80 AR UC,,2255,6
170M3010,FUSE 63A 690V 1*/80 AR UC,,2300,6
170M3012,FUSE 100A 690V 1*/80 AR UC,,1615,6
170M3016,FUSE 250A 690V 1*/80 AR UC,,1750,6
170M3023,FUSE 630A 690V 1*/80 AR UC,,2540,6
170M3062,FUSE 100A 690V 1*TN/80 AR UC,,2755,6
170M3064,FUSE 160A 690V 1*TN/80 AR UC,,2865,6
170M3065,FUSE 200A 690V 1*TN/80 AR UC,,2920,6
170M3066,FUSE 250A 690V 1*TN/80 AR UC,,2980,6
170M3067,FUSE 315A 690V 1*TN/80 AR UC,,3040,6
170M3069,FUSE 400A 690V 1*TN/80 AR UC,,3160,6
170M3071,FUSE 500A 690V 1*TN/80 AR UC,,3290,6
170M3073,FUSE 630A 690V 1*TN/80 AR UC,,3420,6
170M3108,FUSE 40A 690V 1*KN/80 AR UC,,1685,6
170M3109,FUSE 50A 690V 1*KN/80 AR UC,,1685,6
170M3110,FUSE 63A 690V 1*KN/80 AR UC,,1680,6
170M3111,FUSE 80A 690V 1*KN/80 AR UC,,1750,6
170M3112,FUSE 100A 690V 1*KN/80 AR UC,,1750,6
170M3113,FUSE 125A 690V 1*KN/80 AR UC,,1735,6
170M3119,FUSE 400A 690V 1*KN/80 AR UC,,2760,6
170M3121,FUSE 500A 690V 1*KN/80 AR UC,,2930,6
170M3122,FUSE 550A 690V 1*KN/80 AR UC,,2960,6
170M3123,FUSE 630A 690V 1*KN/80 AR UC,,3050,6
170M3161,FUSE 80A 690V 1*/110 AR UC,,2705,6
170M3164,FUSE 160A 690V 1*/110 AR UC,,2815,6
170M3165,FUSE 200A 690V 1*/110 AR UC,,2845,6
170M3167,FUSE 315A 690V 1*/110 AR UC,,2900,6
170M3170,FUSE 450A 690V 1*/110 AR UC,,3045,6
170M3208,FUSE 40A 690V 1*TN/110 AR UC,,1785,6
170M3209,FUSE 50A 690V 1*TN/110 AR UC,,1800,6
170M3210,FUSE 63A 690V 1*TN/110 AR UC,,1800,6
170M3213,FUSE 125A 690V 1*TN/110 AR UC,,2100,6
170M3217,FUSE 315A 690V 1*TN/110 AR UC,,2520,6
170M3219,FUSE 400A 690V 1*TN/110 AR UC,,2520,6
170M3261,FUSE 80A 690V 1*KN/110 AR UC,,2745,6
170M3264,FUSE 160A 690V 1*KN/110 AR UC,,2825,6
170M3265,FUSE 200A 690V 1*KN/110 AR UC,,2865,6
170M3266,FUSE 250A 690V 1*KN/110 AR UC,,2880,6
170M3267,FUSE 315A 690V 1*KN/110 AR UC,,2955,6
170M3269,FUSE 400A 690V 1*KN/110 AR UC,,3165,6
170M3270,FUSE 450A 690V 1*KN/110 AR UC,,3315,6
170M3316,FUSE 250A 690V 1*E/76 AR UC,,2205,6
170M3319,FUSE 400A 690V 1*E/76 AR UC,,2290,6
170M3415,FUSE 200A 690V 1*BN/50 AR UC,,2270,6
170M3416,FUSE 250A 690V 1*BN/50 AR UC,,2270,6
170M3420,FUSE 450A 690V 1*BN/50 AR UC,,2270,6
170M3422,FUSE 550A 690V 1*BN/50 AR UC,,2290,6
170M3467,FUSE 315A 690V 1*BKN/50 AR UC,,2415,6
170M3468,FUSE 350A 690V 1*BKN/50 AR UC,,2415,6
170M3469,FUSE 400A 690V 1*BKN/50 AR UC,,2415,6
170M3470,FUSE 450A 690V 1*BKN/50 AR UC,,2705,6
170M3471,FUSE 500A 690V 1*BKN/50 AR UC,,2680,6
170M3472,FUSE 550A 690V 1*BKN/50 AR UC,,2730,6
170M3536,FUSE 160A 1000V 1*FKE/115 AR,,4660,2
170M3568,FUSE 350A 690V 1*GKN/50 AR UC,,3400,6
170M3615,FUSE 200A 690V 1 FU 78 AR UC,,2370,6
170M3617,FUSE 315A 690V 1*FU/78 AR UC,,2545,6
170M3621,FUSE 500A 690V 1*FU/78 AR UC,,2865,6
170M3662,FUSE 100A 690V 1*FKE/78 AR UC,,2370,6
170M3665,FUSE 200A 690V 1*FKE/78 AR UC,,2795,6
170M3718,FUSE 350A 690V 1*FU/115 AR UC,,2805,2
170M3760,FUSE 63A 690V 1*FKE/115 AR UC,,2895,2
170M3961,FUSE 400A 1000V 1*BKN/75 AR,,4375,4
170M3967,FUSE 80A 1000V 1*KN/110 AR,,3515,6
170M3970,FUSE 160A 1000V 1*KN/110 AR,,3535,6
170M3983,FUSE 80A 1000V 1*TN/110 AR,,3240,6
170M3984,FUSE 100A 1000V 1*TN/110 AR,,3240,6
170M3985,FUSE 125A 1000V 1*TN/110 AR,,3240,6
170M3986,FUSE 160A 1000V 1*TN/110 AR,,3240,3
170M3987,FUSE 200A 1000V 1*TN/110 AR,,3885,6
170M3988,FUSE 250A 1000V 1*TN/110 AR,,3925,6
170M3989,FUSE 315A 1000V 1*TN/110 AR,,3925,6
170M3990,FUSE 350A 1000V 1*TN/110 AR,,3545,6
170M3991,FUSE 400A 1000V 1*TN/110 AR,,4345,6
170M4008,FUSE 200A 690V 1/80 AR UC,,4700,3
170M4014,FUSE 500A 690V 1/80 AR UC,,4700,3
170M4015,FUSE 550A 690V 1/80 AR UC,,4655,3
170M4018,FUSE 800A 690V 1/80 AR UC,,4655,3
170M4019,FUSE 900A 550V 1/80 AR,,4800,3
170M4060,FUSE 315A 690V 1TN/80 AR UC,,3130,3
170M4062,FUSE 400A 690V 1TN/80 AR UC,,3340,3
170M4063,FUSE 450A 690V 1TN/80 AR UC,,3380,3
170M4064,FUSE 500A 690V 1TN/80 AR UC,,3475,3
170M4066,FUSE 630A 690V 1TN/80 AR UC,,3675,3
170M4067,FUSE 700A 690V 1TN/80 AR UC,,3920,3
170M4068,FUSE 800A 690V 1TN/80 AR UC,,3980,3
170M4069,FUSE 900A 550V 1TN/80 AR,,4185,3
170M4108,FUSE 200A 690V 1KN/80 AR UC,,3395,3
170M4109,FUSE 250A 690V 1KN/80 AR UC,,3430,3
170M4110,FUSE 315A 690V 1KN/80 AR UC,,3525,3
170M4111,FUSE 350A 690V 1KN/80 AR UC,,3560,3
170M4112,FUSE 400A 690V 1KN/80 AR UC,,3595,3
170M4113,FUSE 450A 690V 1KN/80 AR UC,,3620,3
170M4114,FUSE 500A 690V 1KN/80 AR UC,,3685,3
170M4115,FUSE 550A 690V 1KN/80 AR UC,,3685,3
170M4116,FUSE 630A 690V 1KN/80 AR UC,,3780,3
170M4119,FUSE 900A 550V 1KN/80 AR,,4505,3
170M4158,FUSE 200A 690V 1/110 AR UC,,2830,3
170M4160,FUSE 315A 690V 1/110 AR UC,,2940,3
170M4161,FUSE 350A 690V 1/110 AR UC,,2990,3
170M4166,FUSE 630A 690V 1/110 AR UC,,3550,3
170M4167,FUSE 700A 690V 1/110 AR UC,,3665,3
170M4178,FUSE 80A 690V DIN 1 GR,,3865,3
170M4180,FUSE 125A 690V DIN 1 GR,,4010,3
170M4181,FUSE 160A 690V DIN 1 GR,,4060,3
170M4182,FUSE 200A 690V DIN 1 GR,,4160,3
170M4183,FUSE 250A 690V DIN 1 GR,,4635,3
170M4184,FUSE 315A 690V DIN 1 GR,,5510,3
170M4186,FUSE 400A 690V DIN 1 GR,,6410,3
170M4189,FUSE 200A 1250V 1TN/110 AR CU,,2970,3
170M4209,FUSE 250A 690V 1TN/110 AR UC,,1910,3
170M4210,FUSE 315A 690V 1TN/110 AR UC,,1890,3
170M4215,FUSE 550A 690V 1TN/110 AR UC,,2970,3
170M4217,FUSE 700A 690V 1TN/110 AR UC,,3045,3
170M4259,FUSE 250A 690V 1KN/110 AR UC,,3570,3
170M4262,FUSE 400A 690V 1KN/110 AR UC,,3605,3
170M4263,FUSE 450A 690V 1KN/110 AR UC,,3605,3
170M4265,FUSE 550A 690V 1KN/110 AR UC,,3605,3
170M4268,FUSE 800A 690V 1KN/110 AR UC,,3965,3
170M4269,FUSE 900A 550V 1KN/110 AR,,6085,3
170M4360,FUSE 315A 690V 1EK/86 AR UC,,3705,3
170M4361,FUSE 350A 690V 1EK/86 AR UC,,3765,3
170M4364,FUSE 500A 690V 1EK/86 AR UC,,3965,3
170M4396,FUSE 550A 1000V 1BKN/75 AR,,6685,2
170M4410,FUSE 315A 690V 1BN/50 AR UC,,1890,3
170M4412,FUSE 400A 690V 1BN/50 AR UC,,2940,3
170M4414,FUSE 500A 690V 1BN/50 AR UC,,3045,3
170M4418,FUSE 800A 690V 1BN/50 AR UC,,3935,3
170M4458,FUSE 200A 690V 1BKN/50 AR UC,,3510,3
170M4459,FUSE 250A 690V 1BKN/50 AR UC,,3580,3
170M4461,FUSE 350A 690V 1BKN/50 AR UC,,2780,3
170M4540,FUSE 630A 1000V 1FKE/115 AR,,5095,1
170M4559,FUSE 250A 690V 1GKN/50 AR UC,,3650,3
170M4565,FUSE 550A 690V 1GKN/50 AR UC,,3985,3
170M4611,FUSE 350A 690V 1FU/90 AR UC,,3235,3
170M4614,FUSE 500A 690V 1FU/90 AR UC,,3495,3
170M4617,FUSE 700A 690V 1FU/90 AR UC,,3990,3
170M4659,FUSE 250A 690V 1FKE/90 AR UC,,3975,3
170M4667,FUSE 700A 690V 1FKE/90 AR UC,,4905,3
170M4668,FUSE 800A 690V 1FKE/90 AR UC,,5150,3
170M4712,FUSE 400A 690V 1FU/115 AR UC,,3500,1
170M4759,FUSE 250A 690V 1FKE/115 AR UC,,3860,1
170M4761,FUSE 350A 690V 1FKE/115 AR UC,,4085,1
170M4763,FUSE 450A 690V 1FKE/115 AR UC,,4135,1
170M4766,FUSE 630A 690V 1FKE/115 AR UC,,4635,1
170M4769,FUSE 900A 550V 1FKE/115 AR,,5700,1
170M4771,FUSE 630A 690V 1STN/110 AR,,5645,3
170M4835,FUSE 315A 900V 00TN/80 AR,,3955,6
170M4908,FUSE 700A 1000V 1BN/75 AR UC,,5595,2
170M4929,FUSE 550A 1000V 1GKN/75 AR,,5675,2
170M4957,FUSE 450A 1000V 1BKN/75 AR,,5620,2
170M4959,FUSE 550A 1000V 1BKN/75 AR,,5795,2
170M4965,FUSE 160A 1000V 1KN/110 AR,,3720,3
170M4971,FUSE 450A 1000V 1KN/110 AR,,4675,3
170M4972,FUSE 500A 1000V 1KN/110 AR,,5050,3
170M4974,FUSE 630A 1000V 1KN/110 AR,,5510,3
170M4980,FUSE 160A 1000V 1TN/110 AR,,3700,3
170M4981,FUSE 200A 1000V 1TN/110 AR,,3765,3
170M4982,FUSE 250A 1000V 1TN/110 AR,,3810,3
170M4983,FUSE 315A 1000V 1TN/110 AR,,3960,3
170M4984,FUSE 350A 1000V 1TN/110 AR,,4080,3
170M4985,FUSE 400A 1000V 1TN/110 AR,,4365,3
170M4986,FUSE 450A 1000V 1TN/110 AR,,4450,3
170M4987,FUSE 500A 1000V 1TN/110 AR,,4585,3
170M4988,FUSE 550A 1000V 1TN/110 AR,,4725,3
170M5008,FUSE 400A 690V 2/80 AR UC,,4310,3
170M5010,FUSE 500A 690V 2/80 AR UC,,4355,3
170M5014,FUSE 800A 690V 2/80 AR UC,,3315,3
170M5016,FUSE 1000A 690V 2/80 AR UC,,4405,3
170M5017,FUSE 1100A 600V 2/80 AR UC,,4665,3
170M5059,FUSE 450A 690V 2TN/80 AR UC,,8295,3
170M5062,FUSE 630A 690V 2TN/80 AR UC,,8800,3
170M5063,FUSE 700A 690V 2TN/80 AR UC,,8975,3
170M5066,FUSE 1000A 690V 2TN/80 AR UC,,9525,3
170M5067,FUSE 1100A 600V 2TN/80 AR UC,,9715,3
170M5068,FUSE 1250A 600V 2TN/80 AR UC,,9805,3
170M5108,FUSE 400A 690V 2KN/80 AR UC,,4475,3
170M5112,FUSE 630A 690V 2KN/80 AR UC,,4835,3
170M5114,FUSE 800A 690V 2KN/80 AR UC,,5200,3
170M5115,FUSE 900A 690V 2KN/80 AR UC,,5365,3
170M5116,FUSE 1000A 690V 2KN/80 AR UC,,5780,3
170M5117,FUSE 1100A 600V 2KN/80 AR UC,,6505,3
170M5162,FUSE 630A 690V 2/110 AR UC,,5125,3
170M5164,FUSE 800A 690V 2/110 AR UC,,5625,3
170M5167,FUSE 1100A 600V 2/110 AR UC,,7070,3
170M5168,FUSE 1250A 600V 2/110 AR UC,,7410,3
170M5209,FUSE 450A 690V 2TN/110 AR UC,,4185,3
170M5210,FUSE 500A 690V 2TN/110 AR UC,,4280,3
170M5212,FUSE 630A 690V 2TN/110 AR UC,,4340,3
170M5214,FUSE 800A 690V 2TN/110 AR UC,,4785,3
170M5215,FUSE 900A 690V 2TN/110 AR UC,,4995,3
170M5216,FUSE 1000A 690V 2TN/110 AR UC,,5515,3
170M5257,FUSE 800A 690V 2KW/110 AR,,5925,3
170M5258,FUSE 400A 690V 2KN/110 AR UC,,4115,3
170M5260,FUSE 500A 690V 2KN/110 AR UC,,4485,3
170M5262,FUSE 630A 690V 2KN/110 AR UC,,4785,3
170M5263,FUSE 700A 690V 2KN/110 AR UC,,5070,3
170M5265,FUSE 900A 690V 2KN/110 AR UC,,5655,3
170M5267,FUSE 1100A 600V 2KN/110 AR UC,,6785,3
170M5268,FUSE 1250A 600V 2KN/110 AR UC,,7340,3
170M5310,FUSE 500A 690V 2E/91 AR UC,,3645,3
170M5312,FUSE 630A 690V 2E/91 AR UC,,4220,3
170M5313,FUSE 700A 690V 2E/91 AR UC,,4490,3
170M5408,FUSE 400A 690V 2BN/50 AR UC,,3285,2
170M5410,FUSE 500A 690V 2BN/50 AR UC,,4640,2
170M5412,FUSE 630A 690V 2BN/50 AR UC,,5185,6
170M5414,FUSE 800A 690V 2BN/50 AR UC,,5570,2
170M5418,FUSE 1250A 600V 2BN/65 AR UC,,6850,1
170M5458,FUSE 400A 690V 2BKN/50 AR UC,,4265,6
170M5459,FUSE 450A 690V 2BKN/50 AR UC,,4320,2
170M5465,FUSE 900A 690V 2BKN/50 AR UC,,5790,6
170M5568,FUSE 1250A 600V 2GKN/65 AR UC,,6340,4
170M5609,FUSE 450A 690V 2FU/90 AR UC,,3955,3
170M5610,FUSE 500A 690V 2FU/90 AR UC,,3955,3
170M5612,FUSE 630A 690V 2FU/90 AR UC,,4030,3
170M5614,FUSE 800A 690V 2FU/90 AR UC,,4735,3
170M5615,FUSE 900A 690V 2FU/90 AR UC,,5375,3
170M5616,FUSE 1000A 690V 2FU/90 AR UC,,6180,3
170M5618,FUSE 1250A 600V 2FU/90 AR UC,,8035,3
170M5666,FUSE 1000A 690V 2FKE/90 AR UC,,5855,3
170M5668,FUSE 1250A 600V 2FKE/90 AR UC,,8140,3
170M5712,FUSE 630A 690V 2FU/115 AR UC,,4255,3
170M5714,FUSE 800A 690V 2FU/115 AR UC,,4610,3
170M5716,FUSE 1000A 690V 2FU/115 AR UC,,5165,3
170M5718,FUSE 1250A 600V 2FU/115 AR UC,,5530,3
170M5806,FUSE 315A 690V DIN 2* AR,,3310,3
170M5876,FUSE 900A 690V 2/110 AR,,4615,3
170M5881,FUSE 200A 690V DIN 2 GR,,4570,3
170M5882,FUSE 250A 690V DIN 2 GR,,4850,3
170M5883,FUSE 315A 690V DIN 2 GR,,5130,3
170M5884,FUSE 350A 690V DIN 2 GR,,5495,3
170M5885,FUSE 400A 690V DIN 2 GR,,5750,3
170M5886,FUSE 450A 690V DIN 2 GR,,6130,3
170M5887,FUSE 500A 690V DIN 2 GR,,6680,3
170M5888,FUSE 550A 690V DIN 2 GR,,7220,3
170M5889,FUSE 630A 690V DIN 2 GR,,8215,3
170M5930,FUSE 700A 1000V 2GKN/75 AR,,5685,4
170M6008,FUSE 500A 690V 3/80 AR UC,,4355,1
170M6009,FUSE 550A 690V 3/80 AR UC,,4315,1
170M6010,FUSE 630A 690V 3/80 AR UC,,4230,1
170M6012,FUSE 800A 690V 3/80 AR UC,,4590,1
170M6014,FUSE 1000A 690V 3/80 AR UC,,5110,1
170M6017,FUSE 1400A 690V 3/80 AR UC,,6030,1
170M6019,FUSE 1600A 690V 3/80 AR UC,,7910,1
170M6020,FUSE 1800A 600V 3/80 AR UR,,8830,1
170M6021,FUSE 2000A 550V 3/80 AR UR,,8990,1
170M6058,FUSE 500A 690V 3TN/80 AR UC,,4820,1
170M6062,FUSE 800A 690V 3TN/80 AR UC,,5480,1
170M6063,FUSE 900A 690V 3TN/80 AR UC,,5690,1
170M6064,FUSE 1000A 690V 3TN/80 AR UC,,5930,1
170M6065,FUSE 1100A 690V 3TN/80 AR UC,,6180,1
170M6066,FUSE 1250A 690V 3TN/80 AR UC,,6600,1
170M6068,FUSE 1500A 690V 3TN/80 AR UC,,7180,1
170M6069,FUSE 1600A 690V 3TN/80 AR UC,,8035,1
170M6070,FUSE 1800A 600V 3TN/80 AR UR,,8960,1
170M6071,FUSE 2000A 550V 3TN/80 AR UR,,9695,1
170M6080,FUSE 350A 690V DIN 3 GR,,5700,1
170M6081,FUSE 400A 690V DIN 3 GR,,5755,1
170M6082,FUSE 450A 690V DIN 3 GR,,5985,1
170M6083,FUSE 500A 690V DIN 3 GR,,6090,1
170M6084,FUSE 550A 690V DIN 3 GR,,6230,1
170M6085,FUSE 630A 690V DIN 3 GR,,6765,1
170M6086,FUSE 700A 690V DIN 3 GR,,7245,1
170M6087,FUSE 800A 690V DIN 3 GR,,7890,1
170M6092,FUSE 900A 690V DIN 3 GR,,9880,1
170M6109,FUSE 550A 690V 3KN/80 AR UC,,5375,1
170M6110,FUSE 630A 690V 3KN/80 AR UC,,5370,1
170M6111,FUSE 700A 690V 3KN/80 AR UC,,5460,1
170M6113,FUSE 900A 690V 3KN/80 AR UC,,5895,1
170M6114,FUSE 1000A 690V 3KN/80 AR UC,,6240,1
170M6115,FUSE 1100A 690V 3KN/80 AR UC,,6550,1
170M6116,FUSE 1250A 690V 3KN/80 AR UC,,6780,1
170M6119,FUSE 1600A 690V 3KN/80 AR UC,,9175,1
170M6159,FUSE 550A 690V 3/110 AR UC,,4990,1
170M6160,FUSE 630A 690V 3/110 AR UC,,5035,1
170M6163,FUSE 900A 690V 3/110 AR UC,,5610,1
170M6166,FUSE 1250A 690V 3/110 AR UC,,6505,1
170M6167,FUSE 1400A 690V 3/110 AR UC,,6830,1
170M6169,FUSE 1600A 690V 3/110 AR UC,,7705,1
170M6208,FUSE 500A 690V 3TN/110 AR UC,,5065,1
170M6210,FUSE 630A 690V 3TN/110 AR UC,,5300,1
170M6211,FUSE 700A 690V 3TN/110 AR UC,,5445,1
170M6212,FUSE 800A 690V 3TN/110 AR UC,,5565,1
170M6213,FUSE 900A 690V 3TN/110 AR UC,,5770,1
170M6218,FUSE 1500A 690V 3TN/110 AR UC,,7385,1
170M6219,FUSE 1600A 690V 3TN/110 AR UC,,8895,1
170M6258,FUSE 500A 690V 3KN/110 AR UC,,5375,1
170M6261,FUSE 700A 690V 3KN/110 AR UC,,5755,1
170M6264,FUSE 1000A 690V 3KN/110 AR UC,,6435,1
170M6266,FUSE 1250A 690V 3KN/110 AR UC,,7115,1
170M6269,FUSE 1600A 690V 3KN/110 AR UC,,8370,1
170M6312,FUSE 800A 690V 3E/91 AR UC,,5785,1
170M6362,FUSE 800A 690V 3EK/91 AR UC,,6390,1
170M6378,FUSE 1000A 690V 2//3BKN/50 AR,,16710,2
170M6392,FUSE 1500A 200V 3BKN/65 AR,,7310,1
170M6393,FUSE 2000A 200V 3BKN/65 AR,,7735,1
170M6394,FUS0 2500A 200V 3BKN/65 AR,,10510,1
170M6409,FUSE 550A 690V 3BN/50 AR UC,,5175,3
170M6410,FUSE 630A 690V 3BN/50 AR UC,,5050,3
170M6411,FUSE 700A 690V 3BN/50 AR UC,,5225,3
170M6413,FUSE 900A 690V 3BN/50 AR UC,,5640,3
170M6414,FUSE 1000A 690V 3BN/50 AR UC,,5870,3
170M6416,FUSE 1250A 690V 3BN/50 AR UC,,6660,3
170M6417,FUSE 1400A 690V 3BN/50 AR UC,,6980,3
170M6458,FUSE 500A 690V 3BKN/50 AR UC,,5365,3
170M6461,FUSE 700A 690V 3BKN/50 AR UC,,5630,3
170M6463,FUSE 900A 690V 3BKN/50 AR UC,,6045,3
170M6466,FUSE 1250A 690V 3BKN/50 AR UC,,6745,3
170M6468,FUSE 1500A 690V 3BKN/50 AR UC,,7070,3
170M6514,FUSE 1000A 690V 3GN/50 AR UC,,7675,3
170M6516,FUSE 1250A 690V 3GN/50 AR UC,,7830,3
170M6520,FUSE 1800A 600V 3GN/65 AR UR,,9135,1
170M6524,FUSE 1100A 1000V 3BKN/80 AR,,6990,1
170M6562,FUSE 800A 690V 3GKN/50 AR UC,,6820,3
170M6571,FUSE 2000A 550V 3GKN/65 AR UR,,9405,1
170M6574,FUSE 2100A 500V 3FKE/90 US AR,,10820,1
170M6608,FUSE 500A 690V 3FU/90 AR UC,,4810,1
170M6609,FUSE 550A 690V 3FU/90 AR UC,,4895,1
170M6610,FUSE 630A 690V 3FU/90 AR UC,,5050,1
170M6612,FUSE 800A 690V 3FU/90 AR UC,,5415,1
170M6613,FUSE 900A 690V 3FU/90 AR UC,,5630,1
170M6614,FUSE 1000A 690V 3FU/90 AR UC,,5870,1
170M6615,FUSE 1100A 690V 3FU/90 AR UC,,6125,1
170M6616,FUSE 1250A 690V 3FU/90 AR UC,,6550,1
170M6618,FUSE 1500A 690V 3FU/90 AR UC,,7130,1
170M6621,FUSE 2000A 550V 3FU/90 AR UR,,9130,1
170M6661,FUSE 700A 690V 3FKE/90 AR UC,,5595,1
170M6664,FUSE 1000A 690V 3FKE/90 AR UC,,6235,1
170M6665,FUSE 1100A 690V 3FKE/90 AR UC,,6550,1
170M6667,FUSE 1400A 690V 3FKE/90 AR UC,,7425,1
170M6668,FUSE 1500A 690V 3FKE/90 AR UC,,7550,1
170M6669,FUSE 1600A 690V 3FKE/90 AR UC,,8685,1
170M6681,FUSE 1500A 800V 3/110 AR,,6915,1
170M6691,FUSE 450A 1250V 3FU/115 AR CU,,3600,1
170M6708,FUSE 500A 690V 3FU/115 AR UC,,4935,1
170M6711,FUSE 700A 690V 3FU/115 AR UC,,5140,1
170M6713,FUSE 900A 690V 3FU/115 AR UC,,5770,1
170M6719,FUSE 1600A 690V 3FU/115 AR UC,,7650,1
170M6721,FUSE 2000A 550V 3FU/115 AR UR,,10205,1
170M6750,FUSE 1250A 1000V 3FKE/115AR CU,,11905,1
170M6758,FUSE 500A 690V 3FKE/115 AR UC,,5040,1
170M6761,FUSE 700A 690V 3FKE/115 AR UC,,5755,1
170M6764,FUSE 1000A 690V 3FKE/115 AR UC,,6435,1
170M6767,FUSE 1400A 690V 3FKE/115 AR UC,,6450,1
170M6769,FUSE 1600A 690V 3FKE/115 AR UC,,8285,1
170M6771,FUSE 2000A 550V 3FKE/115 AR UR,,13335,1
170M6883,FUSE 1600A 660V 23BKN/55 AR,,13935,1
170M7028,FUSE 3000A 690V 4SBKN/60 AR,,31270,1
170M7031,FUSE 1100A 1000V 4SBKN/90 AR,,19900,1
170M7034,FUSE 1700A 1000V 4SBKN/90 AR,,24485,1
170M7035,FUSE 2200A 1000V 4SBKN/90 AR,,34080,1
170M7036,FUSE 2500A 1000V 4SBKN/90 AR,,35755,1
170M7047,FUSE 4000A 500V 4SPKN/60 AR,,27980,2
170M7057,FUSE 3500A 690V 4SBKN/60 AR,,37325,1
170M7059,FUSE 1250A 690V 4BN/65 AR UC,,17120,2
170M7060,FUSE 1400A 690V 4BN/65 AR UC,,17290,2
170M7061,FUSE 1600A 690V 4BN/65 AR UC,,17635,2
170M7062,FUSE 2000A 690V 4BN/65 AR UC,,18350,2
170M7063,FUSE 2500A 690V 4BN/65 AR UC,,19820,2
170M7081,FUSE 1600A 690V 4BKN/65 AR UC,,18060,1
170M7082,FUSE 2000A 690V 4BKN/65 AR UC,,18520,2
170M7083,FUSE 2500A 690V 4BKN/65 AR UC,,19965,2
170M7084,FUSE 3000A 690V 4BKN/65 AR UR,,21085,2
170M7085,FUSE 3500A 690V 4BKN/65 AR,,22935,2
170M7156,FUSE 3000A 1000V 4SBKN/90AR,,41730,1
170M7163,FUSE 4500A 660V 24BKN/60 AR,,30990,1
170M7166,FUSE 6000A 660V 24BKN/60 AR,,32535,1
170M8506,FUSE 630A 1000V 3GKN/75 AR UR,,6315,2
170M8510,FUSE 1000A 1000V 3GKN/75 AR UR,,7370,2
170M8512,FUSE 1250A 1000V 3GKN/90 AR,,9100,2
170M8540,FUSE 900A 1000V 3FKE/115 AR UR,,6935,1
170M8543,FUSE 1250A 1000V 3FKE/115 AR,,9595,1
170M8545,FUSE 800A 690V 3SHT AR UC,,6255,1
170M8547,FUSE 1250A 690V 3SHT AR UC,,6445,1
170M8550,FUSE 1600A 690V 3SHT AR UC,,7970,1
170M8552,FUSE 1100A 690V 3SHT,,6755,1
170M8609,FUSE 900A 1000V 3BKN/75 AR UR,,6530,2
170M8625,FUSE 1100A 1000V 3KN/110 AR UR,,6535,1
170M8642,FUSE 1400A 900V 3TN/110,,10780,1
170M8643,FUSE 450A 1000V DIN 3 AR UR,,5975,1
170M8645,FUSE 630A 1000V DIN 3 AR UR,,6455,1
170M8646,FUSE 700A 1000V DIN 3 AR UR,,6735,1
170M8647,FUSE 800A 1000V DIN 3 AR UR,,7545,1
170E3944,FUSE 100A 2000V 1*SK/246 ADC DC,,14265,1
170E3940,FUSE 40A 2000V 1*SKN/246 ADC DC,,7640,1
170E3941,FUSE 50A 2000V 1*SKN/246 ADC,,7855,1
170E5266,FUSE 50A 3000V 1BKN/170 AR,,16705,1
170E7649,FUSE 630A 1000V 3KW/110 AR,,5670,1
170E8076,FUSE 250A 1000V 2KN/110 AR,,6165,3
170E8078,FUSE 550A 1000V 2KW/110 AR,,6165,3
170E8210,FUSE 500A 1400V 2S/170 AR,,8465,2
170E8211,FUSE 450A 1400V 2S/170 AR,,8675,2
170E9258,FUSE 1000A 800V 3S/110 AR,,15480,1
170F8230,FUSE 160A 1200V 2SKN/140 AR DC,,15425,1
170F8234,FUSE 400A 1200V 2SKN/140 AR DC,,17140,1
170H0067,ADAPTER LONG TO K-SWITCH,,350,10
170L3831,FUSE 32A 1000V DIN 0 AR,,2330,5
170L3836,FUSE 80A 1000V DIN 0 AR,,2455,5
170L3837,FUSE 100A 1000V DIN 0 AR,,2580,5
170L3838,FUSE 125A 1000V DIN 0 AR,,2730,5
170L3839,160A 1000V DIN 0 AR,,3160,5
170L5512,FUSE 630A 660V 1TN/110 AR,,2580,3
170L5992,FUSE 400A 2000V US 1SW/230 AR,,16055,2
170L7001,FUSE 630A 2000V 3STN/210 AR,,12525,2
170L7429,FUSE 630A 1000V 3BKN/80 AR,,4935,1
170L7631,FUSE 1000A 660V 3TN/110 AR,,10230,1
170L8104,FUSE 500A 1500V 2S/210 AR,,10110,2
170L8105,FUSE 450A 1600V 2S/170 AR,,10180,2
170L8123,FUSE 450A 2000V 2S/210 AR,,11840,2
170L8277,FUSE 400A 2000V 2SKN/210 AR TYPOWER,,9245,2
170L8401,FUSE 800A 1000V 2BN/75 AR,,10585,2
170L9609,FUSE 1000A 1000V 3BKN/75 AR,,6970,2
170L9655,FUSE 800A 1000V 3KW/110 AR,,6600,1
170L9697,FUSE 1100A 1000V 3BKN/80 AR,,3635,1
170L9877,FUSE 500A 1500V 3SKN/210 AR,,8860,2
170M0115,FUSE 63A 660V 0000U/80 AR UR,,1040,10
170M0116,FUSE 80A 660V 0000U/80 AR UR,,1050,10
170M0117,FUSE 100A 660V 0000U/80 AR UR,,1060,10
170M0164,FUSE 50A 660V 0000/80 AR UR,,1215,10
170M0166,FUSE 80A 660V 0000/80 AR UR,,1280,10
170M0167,FUSE 100A 660V 0000/80 AR UR,,1290,10
170M0217,FUSE 100A 660V 0000FU/65 AR UR,,640,10
170M1319,FUSE 160A 690V 000U/80 AR UC,,1030,10
170M1322,FUSE 315A 690V 000U/80 AR UC,,1295,10
170M1362,FUSE 32A 690V 000/80 GR UC,,670,10
170M1363,FUSE 40A 690V 000/80 GR UC,,670,10
170M1364,FUSE 50A 690V 000/80 GR UC,,675,10
170M1365,FUSE 63A 690V 000/80 GR UC,,685,10
170M1366,FUSE 80A 690V 000/80 AR UC,,690,10
170M1371,FUSE 250A 690V 000/80 AR UC,,900,10
170M1372,FUSE 315A 690V 000/80 AR UC,,1025,10
170M1373,FUSE 350A 690V 000/80 AR,,1085,10
170M1374,FUSE 400A 600V 000/80 AR,,1120,10
170M1415,FUSE 63A 690V 000TN/80 GR UC,,660,10
170M1416,FUSE 80A 690V 000TN/80 AR UC,,765,10
170M1417,FUSE 100A 690V 000TN/80 AR UC,,795,10
170M1417-H,FUSE 100A 690V 000TN/80 AR,,580,10
170M1418,FUSE 125A 690V 000TN/80 AR UC,,795,10
170M1419,FUSE 160A 690V 000TN/80 AR UC,,800,10
170M1420,FUSE 200A 690V 000TN/80 AR UC,,820,10
170M1421,FUSE 250A 690V 000TN/80 AR UC,,965,10
170M1422,FUSE 315A 690V 000TN/80 AR UC,,1240,10
170M1469,FUSE 160A 690V 000FU/70 AR UR,,790,5
170M1470,FUSE 200A 690V 000FU/70 AR UR,,895,5
170M1472,FUSE 315A 690V 000FU/70 AR UR,,1340,5
170M1558D,FUSE 10A 690V gR DIN 000 HSDNH,,505,10
170M1559D,FUSE 16A 690V gR DIN 000 HSDNH,,540,10
170M1560D,FUSE 20A 690V gR DIN 000 HSDNH,,580,10
170M1561D,FUSE 25A 690V gR DIN 000 HSDNH,,590,10
170M1562D,FUSE 32A 690V gR DIN 000 HSDNH,,605,10
170M1563D,FUSE 40A 690V gR DIN 000 HSDNH,,615,10
170M1564D,FUSE 50A 690V gR DIN 000 HSDNH,,630,10
170M1565D,FUSE 63A 690V gR DIN 000 HSDNH,,640,10
170M1566D,FUSE 80A 690V aR DIN 000 HSDNH,,655,10
170M1567D,FUSE 100A 690V aR DIN 000 HSDNH,,665,10
170M1568D,FUSE 125A 690V aR DIN 000 HSDNH,,680,10
170M1569D,FUSE 160A 690V aR DIN 000 HSDNH,,695,10
170M1570D,FUSE 200A 690V aR DIN 000 HSDNH,,715,10
170M1571D,FUSE 250A 690V aR DIN 000 HSDNH,,840,10
170M1572D,FUSE 315A 690V aR DIN 00 HSDNH,,910,6
170M1851,FUSE 200A 1000V 000FN/90 AR UR,,4855,3
170M2106,FUSE 80A 1200VDC 1C/A116 SST AR,,9510,3
170M2608,FUSE 25A 690V 00/80 GR,,1365,6
170M2609,FUSE 32A 690V 00/80 GR,,1365,6
170M2610,FUSE 40A 690V 00/80 GR,,1365,6
170M2611,FUSE 50A 690V 00/80 GR,,1365,6
170M2612,FUSE 63A 690V 00/80 GR,,1365,6
170M2613,FUSE 80A 690V 00/80 GR,,1365,6
170M2614,FUSE 100A 690V 00/80 AR UR,,1380,6
170M2615,FUSE 125A 690V 00/80 AR UR,,1405,6
170M2616,FUSE 160A 690V 00/80 AR UR,,1470,6
170M2617,FUSE 200A 690V 00/80 AR UR,,1490,6
170M2618,FUSE 250A 690V 00/80 AR UR,,1500,6
170M2619,FUSE 315A 690V 00/80 AR UR,,1500,6
170M2620,FUSE 350A 690V 00/80 AR UR,,1515,6
170M2621,FUSE 400A 690V 00/80 AR UR,,1535,6
170M2658,FUSE 25A 690V 00TN/80 GR,,1325,6
170M2659,FUSE 32A 690V 00TN/80 GR,,1325,6
170M2660,FUSE 40A 690V 00TN/80 GR,,1325,6
170M2661,FUSE 50A 690V 00TN/80 GR,,1325,6
170M2662,FUSE 63A 690V 00TN/80 GR,,1325,6
170M2663,FUSE 80A 690V 00TN/80 GR,,1325,6
170M2664,FUSE 100A 690V 00TN/80 AR UR,,1325,6
170M2665,FUSE 125A 690V 00TN/80 AR UR,,1345,6
170M2666,FUSE 160A 690V 00TN/80 AR UR,,1345,6
170M2667,FUSE 200A 690V 00TN/80 AR UR,,1345,6
170M2668,FUSE 250A 690V 00TN/80 AR UR,,1510,6
170M2669,FUSE 315A 690V 00TN/80 AR UR,,1570,6
170M2670,FUSE 350A 690V 00TN/80 AR UR,,1570,6
170M2671,FUSE 400A 690V 00TN/80 AR UR,,1605,6
170M2673,FUSE 20A 1000V DIN 00 AR,,1645,6
170M2674,FUSE 25A 1000V DIN 00 AR,,1685,6
170M2675,FUSE 32A 1000V DIN 00 AR,,1695,6
170M2676,FUSE 35A 1000V DIN 00 AR,,1710,6
170M2677,FUSE 40A 1000V DIN 00 AR,,1780,6
170M2678,FUSE 50A 1000V DIN 00 AR,,1790,6
170M2679,FUSE 63A 1000V DIN 00 AR,,1850,6
170M2680,FUSE 80A 1000V DIN 00 AR,,1925,6
170M2681,FUSE 100A 1000V DIN 00 AR,,2050,6
170M2682,FUSE 125A 1000V DIN 00 AR,,2070,6
170M2683,FUSE 160A 1000V DIN 00 AR,,2350,6
170M2684,FUSE 200A 900V DIN 00 AR,,2435,6
170M2685,FUSE 225A 900V DIN 00 AR,,2475,6
170M2690,FUSE 10A 1000V DIN 00 AR,,1585,6
170M2691,FUSE 10A 690V DIN 00 GR,,1600,6
170M2692,FUSE 16A 690V DIN 00 GR,,1600,6
170M2693,FUSE 20A 690V DIN 00 GR,,1600,6
170M2694,FUSE 25A 690V DIN 00 GR,,1615,6
170M2695,FUSE 32A 690V DIN 00 GR,,1615,6
170M2696,FUSE 40A 690V DIN 00 GR,,1675,6
170M2697,FUSE 50A 690V DIN 00 GR,,1720,6
170M2698,FUSE 63A 690V DIN 00 GR,,1720,6
170M2699,FUSE 80A 690V DIN 00 GR,,1585,6
170M2700,FUSE 100A 690V DIN 00 GR,,1585,6
170M2701,FUSE 125A 690V DIN 00 GR,,1735,6
170M2702,FUSE 160A 690V DIN 00 GR,,1795,6
170M2708,FUSE 25A 690V 00BN/60 GR,,2055,6
170M2709,FUSE 32A 690V 00BN/60 GR,,2075,5
170M2717,FUSE 200A 690V 00BN/60 AR,,2650,5
170M2721,FUSE 400A 690V 00BN/60 AR,,3075,5
170M2763,FUSE 80A 690V 00BTN/60 GR,,3680,5
170M2765,FUSE 125A 690V 00BTN/60 AR,,1740,5
170M2766,FUSE 160A 690V 00BTN/60 AR,,1880,5
170M2767,FUSE 200A 690V 00BTN/60 AR,,1880,5
170M2768,FUSE 250A 690V 00BTN/60 AR,,2010,5
170M2769,FUSE 315A 690V 00BTN/60 AR,,2125,5
170M2771,FUSE 400A 690V 00BTN/60 AR,,2290,5
170M2819,FUSE 315A 690V 00SU/80 AR,,790,6
170M3011,FUSE 80A 690V 1*/80 AR UC,,1695,6
170M3013,FUSE 125A 690V 1*/80 AR UC,,1730,6
170M3014,FUSE 160A 690V 1*/80 AR UC,,1760,6
170M3015,FUSE 200A 690V 1*/80 AR UC,,1790,6
170M3017,FUSE 315A 690V 1*/80 AR UC,,1905,6
170M3018,FUSE 350A 690V 1*/80 AR UC,,1945,6
170M3019,FUSE 400A 690V 1*/80 AR UC,,2020,6
170M3020,FUSE 450A 690V 1*/80 AR UC,,2085,6
170M3021,FUSE 500A 690V 1*/80 AR UC,,2135,6
170M3114,FUSE 160A 690V 1*KN/80 AR UC,,1950,6
170M3115,FUSE 200A 690V 1*KN/80 AR UC,,1980,6
170M3116,FUSE 250A 690V 1*KN/80 AR UC,,2035,6
170M3118,FUSE 350A 690V 1*KN/80 AR UC,,2325,6
170M3142,FUSE 125A 1250V 1*/110 AR CU,,3335,6
170M3144,FUSE 200A 1250V 1*/110 AR CU,,3480,6
170M3145,FUSE 250A 1250V 1*/110 AR CU,,3590,6
170M3146,FUSE 315A 1250V 1*/110 AR CU,,3690,6
170M3163,FUSE 125A 690V 1*/110 AR UC,,2035,6
170M3166,FUSE 250A 690V 1*/110 AR UC,,2850,6
170M3195,FUSE 250A 1250V 1*TN/110 AR CU,,3670,6
170M3214,FUSE 160A 690V 1*TN/110 AR UC,,2100,6
170M3215,FUSE 200A 690V 1*TN/110 AR UC,,2100,6
170M3216,FUSE 250A 690V 1*TN/110 AR UC,,2100,6
170M3220,FUSE 450A 690V 1*TN/110 AR UC,,2520,6
170M3221,FUSE 500A 690V 1*TN/110 AR UC,,2520,6
170M3222,FUSE 550A 690V 1*TN/110 AR UC,,2520,6
170M3223,FUSE 630A 690V 1*TN/110 AR UC,,2520,6
170M3238,FUSE 50A 1250V 1*KN/110 AR CU,,3555,6
170M3239,FUSE 63A 1250V 1*KN/110 AR CU,,3570,6
170M3244,FUSE 200A 1250V 1*KN/110 AR CU,,3765,6
170M3263,FUSE 125A 690V 1*KN/110 AR UC,,2755,6
170M3271,FUSE 500A 690V 1*KN/110 AR UC,,2695,6
170M3273,FUSE 630A 690V 1*KN/110 AR UC,,2800,6
170M3292,FUSE 550A 690V 1*KW/110 AR CU,,2940,6
170M3361,FUSE 80A 690V 1*EK/76 AR UC,,1875,3
170M3362,FUSE 100A 690V 1*EK/76 AR UC,,1875,3
170M3363,FUSE 125A 690V 1*EK/76 AR UC,,1875,3
170M3364,FUSE 160A 690V 1*EK/76 AR UC,,1875,3
170M3365,FUSE 200A 690V 1*EK/76 AR UC,,1875,3
170M3366,FUSE 250A 690V 1*EK/76 AR UC,,1875,3
170M3367,FUSE 315A 690V 1*EK/76 AR UC,,1875,3
170M3388,FUSE 50A 1250V 1*BKN/75 AR CU,,3645,4
170M3391,FUSE 100A 1250V 1*BKN/75 AR CU,,3725,2
170M3392,FUSE 125A 1250V 1*BKN/75 AR CU,,3755,2
170M3393,FUSE 160A 1250V 1*BKN/75 AR CU,,3755,2
170M3394,FUSE 200A 1250V 1*BKN/75 AR CU,,3885,4
170M3395,FUSE 250A 1250V 1*BKN/75 AR CU,,3925,4
170M3396,FUSE 315A 1250V 1*BKN/75 AR CU,,4440,4
170M3397,FUSE 350A 1250V 1*BKN/75 AR CU,,4850,4
170M3417,FUSE 315A 690V 1*BN/50 AR UC,,2270,6
170M3418,FUSE 350A 690V 1*BN/50 AR UC,,2270,6
170M3423,FUSE 630A 690V 1*BN/50 AR UC,,2270,6
170M3440,FUSE 80A 1250V 1*BKN/80 AR CU,,3755,3
170M3446,FUSE 315A 1250V 1*BKN/80 AR CU,,4545,3
170M3448,FUSE 400A 1250V 1*BKN/80 AR CU,,8665,1
170M3464,FUSE 160A 690V 1*BKN/50 AR UC,,2415,6
170M3465,FUSE 200A 690V 1 BKN 50 AR UC,,2415,6
170M3466,FUSE 250A 690V 1*BKN/50 AR UC,,2365,6
170M3473,FUSE 630A 690V 1*BKN/50 AR UC,,2730,6
170M3572,FUSE 550A 690V 1*GKN/50 AR UC,,3630,6
170M3619,FUSE 400A 690V 1*FU/78 AR UC,,2550,6
170M3623,FUSE 630A 690V 1*FU/78 AR UC,,2440,6
170M3667,FUSE 315A 690V 1*FKE/78 AR UC,,2770,6
170M3672,FUSE 550A 690V 1*FKE/78 AR UC,,3730,6
170M3690,FUSE 80A 1250V 1*FU/115 AR CU,,3295,2
170M3694,FUSE 200A 1250V 1*FU/115 AR CU,,3450,2
170M3696,FUSE 315A 1250V 1*FU/115 AR CU,,4540,2
170M3716,FUSE 250A 690V 1*FU/115 AR UC,,2615,2
170M3741,FUSE 100A 1250V 1*FKE/115AR CU,,4210,2
170M3808D,FUSE 40A 690V aR DIN 1 HSDNH,,1560,6
170M3809D,FUSE 50A 690V aR DIN 1 HSDNH,,1575,6
170M3810D,FUSE 63A 690V aR DIN 1 HSDNH,,1580,6
170M3811D,FUSE 80A 690V aR DIN 1 HSDNH,,1690,6
170M3812D,FUSE 100A 690V aR DIN 1 HSDNH,,1715,6
170M3813D,FUSE 125A 690V aR DIN 1 HSDNH,,1725,6
170M3814D,FUSE 160A 690V aR DIN 1 HSDNH,,1700,6
170M3815D,FUSE 200A 690V aR DIN 1 HSDNH,,1700,6
170M3816D,FUSE 250A 690V aR DIN 1 HSDNH,,1735,6
170M3817D,FUSE 315A 690V aR DIN 1 HSDNH,,1800,6
170M3818D,FUSE 350A 690V aR DIN 1 HSDNH,,1840,6
170M3819D,FUSE 400A 690V aR DIN 1 HSDNH,,1915,6
170M3904,FUSE 200A 690V 1*STN/110 AR,,3150,6
170M3908,FUSE 400A 690V 1*STN/110 AR,,3150,6
170M4013,FUSE 450A 690V 1/80 AR UC,,4745,3
170M4016,FUSE 630A 690V 1/80 AR UC,,4550,3
170M4017,FUSE 700A 690V 1/80 AR UC,,4550,3
170M4059,FUSE 250A 690V 1TN/80 AR UC,,3115,3
170M4117,FUSE 700A 690V 1KN/80 AR UC,,3885,3
170M4118,FUSE 800A 690V 1KN/80 AR UC,,4175,3
170M4134,FUSE 800A 690V 1KW/110 AR,,4675,3
170M4141,FUSE 315A 1250V 1/110 AR CU,,3750,3
170M4145,FUSE 500A 1250V 1/110 AR CU,,6490,3
170M4162,FUSE 400A 690V 1/110 AR UC,,3020,3
170M4190,FUSE 250A 1250V 1TN/110 AR CU,,2970,3
170M4192,FUSE 350A 1250V 1TN/110 AR CU,,3130,3
170M4193,FUSE 400A 1250V 1TN/110 AR CU,,3435,3
170M4195,FUSE 500A 1250V 1TN/110 AR CU,,4595,3
170M4212,FUSE 400A 690V 1TN/110 AR UC,,2520,3
170M4213,FUSE 450A 690V 1TN/110 AR UC,,2730,3
170M4214,FUSE 500A 690V 1TN/110 AR UC,,2940,3
170M4216,FUSE 630A 690V 1TN/110 AR UC,,2940,3
170M4218,FUSE 800A 690V 1TN/110 AR UC,,3225,3
170M4240,FUSE 250A 1250V 1KN/110 AR CU,,4880,3
170M4241,FUSE 315A 1250V 1KN/110 AR CU,,5030,3
170M4244,FUSE 450A 1250V 1KN/110 AR CU,,6175,3
170M4245,FUSE 500A 1250V 1KN/110 AR CU,,6550,3
170M4246,FUSE 550A 1250V 1KN/110 AR CU,,7155,3
170M4247,FUSE 630A 1100V 1KN/110 AR,,7285,3
170M4260,FUSE 315A 690V 1KN/110 AR UC,,3570,3
170M4264,FUSE 500A 690V 1KN/110 AR UC,,3570,3
170M4267,FUSE 700A 690V 1KN/110 AR UC,,3940,3
170M4389,FUSE 200A 1250V 1BKN/75 AR CU,,2950,2
170M4390,FUSE 250A 1250V 1BKN/75 AR CU,,3035,2
170M4391,FUSE 315A 1250V 1BKN/75 AR CU,,3035,2
170M4392,FUSE 350A 1250V 1BKN/75 AR CU,,3035,2
170M4393,FUSE 400A 1250V 1BKN/75 AR CU,,3060,2
170M4394,FUSE 450A 1250V 1BKN/75 AR CU,,3175,2
170M4395,FUSE 500A 1100V 1BKN/75 AR,,6220,2
170M4411,FUSE 350A 690V 1BN/50 AR UC,,2730,3
170M4413,FUSE 450A 690V 1BN/50 AR UC,,2940,3
170M4415,FUSE 550A 690V 1BN/50 AR UC,,3045,3
170M4416,FUSE 630A 690V 1BN/50 AR UC,,3395,3
170M4442,FUSE 350A 1250V 1BKN/80 AR CU,,4240,1
170M4462,FUSE 400A 690V 1BKN/50 AR UC,,2775,3
170M4463,FUSE 450A 690V 1BKN/50 AR UC,,2860,3
170M4464,FUSE 500A 690V 1BKN/50 AR UC,,2950,3
170M4465,FUSE 550A 690V 1BKN/50 AR UC,,3040,3
170M4466,FUSE 630A 690V 1BKN/50 AR UC,,3135,3
170M4467,FUSE 700A 690V 1BKN/50 AR UC,,3260,3
170M4468,FUSE 800A 690V 1BKN/50 AR UC,,3320,3
170M4563,FUSE 450A 690V 1GKN/50 AR UC,,3885,3
170M4567,FUSE 700A 690V 1GKN/50 AR UC,,4465,3
170M4694,FUSE 450A 1250V 1FU/115 AR CU,,7450,1
170M4695,FUSE 500A 1100V 1FU/115 AR,,7495,1
170M4700,FUSE 200A 1250V 1SHT AR CU,,3860,3
170M4743,FUSE 400A 1250V 1FKE/115 AR CU,,4800,1
170M4744,FUSE 450A 1250V 1FKE/115 AR CU,,5765,1
170M4764,FUSE 500A 690V 1FKE/115 AR UC,,4095,1
170M4770,FUSE 550A 690V 1STN/110 AR,,3895,3
170M4802,FUSE 20A 1000V 00/80 AR,,1800,6
170M4803,FUSE 25A 1000V 00/80 AR,,1805,6
170M4806,FUSE 40A 1000V 00/80 AR,,1840,6
170M4807,FUSE 50A 1000V 00/80 AR,,1855,6
170M4809,FUSE 80A 1000V 00/80 AR,,1935,6
170M4810,FUSE 100A 1000V 00/80 AR,,1975,6
170M4811,FUSE 125A 1000V 00/80 AR,,2035,6
170M4812,FUSE 160A 1000V 00/80 AR,,2095,6
170M4813,FUSE 200A 1000V 00/80 AR,,2190,6
170M4814,FUSE 250A 1000V 00/80 AR,,2260,6
170M4815,FUSE 315A 900V 00/80 AR,,2670,6
170M4822,FUSE 20A 1000V 00TN/80 AR,,1795,6
170M4823,FUSE 25A 1000V 00TN/80 AR,,1810,6
170M4824,FUSE 32A 1000V 00TN/80 AR,,1825,6
170M4825,FUSE 35A 1000V 00TN/80 AR,,1830,6
170M4826,FUSE 40A 1000V 00TN/80 AR,,1845,6
170M4827,FUSE 50A 1000V 00TN/80 AR,,1870,6
170M4828,FUSE 63A 1000V 00TN/80 AR,,1885,6
170M4829,FUSE 80A 1000V 00TN/80 AR,,1945,6
170M4830,FUSE 100A 1000V 00TN/80 AR,,2025,6
170M4831,FUSE 125A 1000V 00TN/80 AR,,2350,6
170M4832,FUSE 160A 1000V 00TN/80 AR,,2605,6
170M4833,FUSE 200A 1000V 00TN/80 AR,,2865,6
170M4834,FUSE 250A 1000V 00TN/80 AR,,3550,6
170M4863D,FUSE 450A 690V aR DIN 1 HSDNH,,1925,6
170M4864D,FUSE 500A 690V aR DIN 1 HSDNH,,2095,6
170M4865D,FUSE 550A 690V aR DIN 1 HSDNH,,2515,6
170M4866D,FUSE 630A 690V aR DIN 1 HSDNH,,2935,6
170M4867D,FUSE 700A 690V aR DIN 1 HSDNH,,2980,6
170M4958,FUSE 500A 1000V 1BKN/75 AR,,5705,2
170M5011,FUSE 550A 690V 2/80 AR UC,,3210,3
170M5012,FUSE 630A 690V 2/80 AR UC,,3245,3
170M5013,FUSE 700A 690V 2/80 AR UC,,3255,3
170M5018,FUSE 1250A 600V 2/80 AR UC,,4245,3
170M5140,FUSE 315A 1250V 2/110 AR CU,,5015,3
170M5142,FUSE 400A 1250V 2/110 AR CU,,5265,3
170M5143,FUSE 450A 1250V 2/110 AR CU,,5595,3
170M5144,FUSE 500A 1250V 2/110 AR CU,,5705,3
170M5145,FUSE 550A 1250V 2/110 AR CU,,5705,3
170M5146,FUSE 630A 1250V 2/110 AR CU,,6340,3
170M5147,FUSE 700A 1250V 2/110 AR CU,,6895,3
170M5148,FUSE 800A 1250V 2/110 AR CU,,7515,3
170M5188,FUSE 250A 1250V 2TN/110 AR CU,,5115,3
170M5190,FUSE 315A 1250V 2TN/110 AR CU,,5270,3
170M5193,FUSE 450A 1250V 2TN/110 AR CU,,5340,3
170M5194,FUSE 500A 1250V 2TN/110 AR CU,,5875,3
170M5195,FUSE 550A 1250V 2TN/110 AR CU,,6205,3
170M5196,FUSE 630A 1250V 2TN/110 AR CU,,6270,3
170M5197,FUSE 700A 1250V 2TN/110 AR CU,,6635,3
170M5198,FUSE 800A 1250V 2TN/110 AR CU,,7425,3
170M5213,FUSE 700A 690V 2TN/110 AR UC,,4280,3
170M5220,FUSE 700A 1250V 2SKN/210 AR,,4220,1
170M5238,FUSE 250A 1250V 2KN/110 AR CU,,4800,3
170M5239,FUSE 280A 1250V 2KN/110 AR,,4865,3
170M5240,FUSE 315A 1250V 2KN/110 AR CU,,4925,3
170M5242,FUSE 400A 1250V 2KN/110 AR CU,,5165,3
170M5243,FUSE 450A 1250V 2KN/110 AR CU,,5460,3
170M5244,FUSE 500A 1250V 2KN/110 AR CU,,5850,3
170M5245,FUSE 550A 1250V 2KN/110 AR CU,,5990,3
170M5246,FUSE 630A 1250V 2KN/110 AR CU,,6635,3
170M5247,FUSE 700A 1250V 2KN/110 AR CU,,6830,3
170M5248,FUSE 800A 1250V 2KN/110 AR CU,,6830,3
170M5250,FUSE 1000A 1100V 2KN/110 AR,,7460,3
170M5264,FUSE 800A 690V 2KN/110 AR UC,,5145,3
170M5269,FUSE 500A 1250V 2SKN/170 AR,,10455,2
170M5395,FUSE 550A 1250V 2BKN/75 AR CU,,5275,4
170M5396,FUSE 630A 1100V 2BKN/75 AR,,5395,4
170M5397,FUSE 700A 1000V 2BKN/75 AR,,5570,4
170M5398,FUSE 800A 1000V 2BKN/75 AR,,5615,4
170M5405,FUSE 450A 1250V 2SHT AR,,6300,3
170M5411,FUSE 550A 690V 2BN/50 AR UC,,3645,6
170M5413,FUSE 700A 690V 2BN/50 AR UC,,3755,6
170M5415,FUSE 900A 690V 2BN/50 AR UC,,5400,6
170M5416,FUSE 1000A 690V 2BN/50 AR UC,,5835,6
170M5440,FUSE 315A 1250V 2BKN/80 AR CU,,5340,2
170M5444,FUSE 500A 1250V 2BKN/80 AR,,5910,2
170M5446,FUSE 630A 1250V 2BKN/80 AR CU,,6455,2
170M5448,FUSE 800A 1000V 2BKN/80 AR,,4340,2
170M5452,FUSE 1400A 550V US 2GKN/50 AR,,4650,6
170M5466,FUSE 1000A 690V 2BKN/50 AR UC,,5105,6
170M5468,FUSE 1250A 600V 2BKN/65 AR UC,,5195,4
170M5497,FUSE 700A 1250V 2BKN/90 AR CU,,6290,2
170M5499,FUSE 900A 1100V 2BKN/90 AR CU,,6520,2
170M5500,FUSE 1000A 1100V 2BKN/90 AR,,6750,2
170M5558,FUSE 400A 690V 2GKN/50 AR UC,,3615,6
170M5559,FUSE 450A 690V 2GKN/50 AR UC,,3740,6
170M5560,FUSE 500A 690V 2GKN/50 AR UC,,4680,6
170M5564,FUSE 800A 690V 2GKN/50 AR UC,,5145,6
170M5566,FUSE 1000A 690V 2GKN/50 AR UC,,5480,6
170M5594,FUSE 500A 1250V 2GKN/75 AR CU,,5970,4
170M5611,FUSE 550A 690V 2FU/90 AR UC,,3955,3
170M5613,FUSE 700A 690V 2FU/90 AR UC,,3990,3
170M5694,FUSE 500A 1250V 2FU/115 AR CU,,5640,3
170M5743,FUSE 450A 1250V 2FKE/115 AR CU,,5880,3
170M5744,FUSE 500A 1250V 2FKE/115 AR CU,,6720,3
170M5747,FUSE 700A 1100V 2FKE/115 AR,,8085,3
170M5763,FUSE 700A 690V 2FKE/115 AR UC,,4785,3
170M5766,FUSE 1000A 690V 2FKE/115 AR UC,,5325,3
170M5767,FUSE 1100A 600V 2FKE/115 AR UC,,5345,2
170M5805,FUSE 250A 690V DIN 2* AR,,2860,3
170M5807,FUSE 350A 690V DIN 2* AR,,3025,3
170M5808D,FUSE 400A 690V aR DIN 2 HSDNH,,2890,3
170M5809D,FUSE 450A 690V aR DIN 2 HSDNH,,2935,3
170M5810D,FUSE 500A 690V aR DIN 2 HSDNH,,3025,3
170M5811D,FUSE 550A 690V aR DIN 2 HSDNH,,3050,3
170M5812D,FUSE 630A 690V aR DIN 2 HSDNH,,3135,3
170M5813D,FUSE 700A 690V aR DIN 2 HSDNH,,3250,3
170M5814D,FUSE 800A 690V aR DIN 2 HSDNH,,3535,3
170M5816D,FUSE 1000A 690V aR DIN 2 HSDNH,,3960,3
170M5817D,FUSE 1100A 690V aR DIN 2 HSDNH,,4000,3
170M5820D,FUSE 900A 690V aR DIN 2 HSDNH,,4005,3
170M5952,FUSE 250A 1000V 2BKN/75 AR UR,,3220,4
170M5953,FUSE 315A 1000V 2BKN/75 AR UR,,4030,4
170M5956,FUSE 450A 1000V 2BKN/75 AR UR,,4895,4
170M5957,FUSE 500A 1000V 2BKN/75 AR UR,,5055,4
170M5959,FUSE 630A 1000V 2BKN/75 AR UR,,5690,4
170M5960,FUSE 700A 1000V 2BKN/75 AR UR,,5760,4
170M5961,FUSE 800A 1000V 2BKN/75 AR UR,,5090,4
170M5966,FUSE 250A 1000V 2KN/110 AR UR,,3960,3
170M5969,FUSE 400A 1000V 2KN/110 AR UR,,4400,3
170M5970,FUSE 450A 1000V 2KN/110 AR UR,,4330,3
170M5971,FUSE 500A 1000V 2KN/110 AR UR,,4455,3
170M5972,FUSE 550A 1000V 2KN/110 AR UR,,4690,3
170M5973,FUSE 630A 1000V 2KN/110 AR UR,,4690,3
170M5974,FUSE 700A 1000V 2KN/110 AR UR,,4690,3
170M5975,FUSE 800A 1000V 2KN/110 AR UR,,4730,3
170M5981,FUSE 250A 1000V 2TN/110 AR UR,,3870,3
170M5982,FUSE 315A 1000V 2TN/110 AR UR,,3985,3
170M5983,FUSE 350A 1000V 2TN/110 AR UR,,4145,3
170M5984,FUSE 400A 1000V 2TN/110 AR UR,,4210,3
170M5985,FUSE 450A 1000V 2TN/110 AR UR,,4295,3
170M5986,FUSE 500A 1000V 2TN/110 AR UR,,4340,3
170M5987,FUSE 550A 1000V 2TN/110 AR UR,,4380,3
170M5988,FUSE 630A 1000V 2TN/110 AR UR,,4805,3
170M5989,FUSE 700A 1000V 2TN/110 AR UR,,4865,3
170M5990,FUSE 800A 1000V 2TN/110 AR UR,,5800,3
170M6013,FUSE 900A 690V 3/80 AR UC,,4530,1
170M6018,FUSE 1500A 690V 3/80 AR UC,,8585,1
170M6035,FUSE 700A 690V 3STN/110 AR,,5500,1
170M6094,FUSE 130Amp 7200V 00/480 AR,,15875,1
170M6112,FUSE 800A 690V 3KN/80 AR UC,,5410,1
170M6120,FUSE 1800A 600V 3KN/80 AR UR,,8675,1
170M6121,FUSE 2000A 550V 3KN/80 AR UR,,8820,1
170M6140,FUSE 400A 1250V 3/110 AR CU,,5655,1
170M6143,FUSE 550A 1250V 3/110 AR CU,,6220,1
170M6144,FUSE 630A 1250V 3/110 AR CU,,6290,1
170M6145,FUSE 700A 1250V 3/110 AR CU,,6355,1
170M6146,FUSE 800A 1250V 3/110 AR,,6735,1
170M6147,FUSE 900A 1250V 3/110 AR,,6870,1
170M6148,FUSE 1000A 1250V 3/110 AR,,7685,1
170M6149,FUSE 1100A 1250V 3/110 AR,,7795,1
170M6150,FUSE 1250A 1100V 3/110 AR,,8780,1
170M6151,FUSE 1400A 1100V 3/110 AR,,9610,1
170M6164,FUSE 1000A 690V 3/110 AR UC,,6085,1
170M6185,FUSE 630A 1250V IEC aR 3SKN/170,,7990,1
170M6188,FUSE 315A 1250V 3TN/110 AR CU,,4910,1
170M6189,FUSE 350A 1250V 3TN/110 AR CU,,4910,1
170M6191,FUSE 450A 1250V 3TN/110 AR CU,,5080,1
170M6192,FUSE 500A 1250V 3TN/110 AR CU,,5315,1
170M6193,FUSE 550A 1250V 3TN/110 AR CU,,5775,1
170M6194,FUSE 630A 1250V 3TN/110 AR CU,,6005,1
170M6195,FUSE 700A 1250V 3TN/110 AR CU,,6235,1
170M6196,FUSE 800A 1250V 3TN/110 AR,,7055,1
170M6198,FUSE 1000A 1250V 3TN/110 AR,,7200,1
170M6199,FUSE 1100A 1250V 3TN/110 AR,,7410,1
170M6200,FUSE 1250A 1100V 3TN/110 AR,,10185,1
170M6201,FUSE 1400A 1100V 3TN/110 AR,,10610,1
170M6202,FUSE 500A 1250V 3SHT AR CU,,7005,1
170M6203,FUSE 800A 1250V 3SHT AR CU,,12235,1
170M6205,FUSE 630A 1250V 3SHT AR CU,,6950,1
170M6214,FUSE 1000A 690V 3TN/110 AR UC,,5015,1
170M6216,FUSE 1250A 690V 3TN/110 AR UC,,5405,1
170M6238,FUSE 315A 1250V 3KN/110 AR CU,,5645,1
170M6240,FUSE 400A 1250V 3KN/110 AR CU,,6270,1
170M6241,FUSE 450A 1250V 3KN/110 AR CU,,6525,1
170M6242,FUSE 500A 1250V 3KN/110 AR CU,,6590,1
170M6243,FUSE 550A 1250V 3KN/110 AR CU,,6635,1
170M6244,FUSE 630A 1250V 3KN/110 AR CU,,6710,1
170M6245,FUSE 700A 1250V 3KN/110 AR CU,,6710,1
170M6246,FUSE 800A 1250V 3KN/110 AR,,7960,1
170M6247,FUSE 900A 1250V 3KN/110 AR,,8480,1
170M6248,FUSE 1000A 1250V 3KN/110 AR,,8590,1
170M6249,FUSE 1100A 1250V 3KN/110 AR,,8740,1
170M6250,FUSE 1250A 1100V 3KN/110 AR,,8770,1
170M6251,FUSE 1400A 1100V 3KN/110 AR,,10050,1
170M6252,FUSE 900A 1250V 3KW/110 AR,,10225,1
170M6253,FUSE 1000A 1250V 3KW/110 AR,,10300,1
170M6254,FUSE 1100A 1250V 3KW/110 AR,,13110,1
170M6263,FUSE 900A 690V 3KN/110 AR UC,,5820,1
170M6267,FUSE 1400A 690V 3KN/110 AR UC,,5890,1
170M6270,FUSE 1800A 600V 3KN/110 AR UR,,8475,1
170M6271,FUSE 2000A 550V 3KN/110 AR UR,,9005,1
170M6276,FUSE 1000A 690V 3KW/110 AR,,5875,1
170M6277,FUSE 1000A 1100V 3SHT AR CU,,17560,1
170M6301,FUSE 315A 1250V 3SHT AR CU,,6240,1
170M6303,FUSE 400A 1250V 3SHT AR CU,,6550,1
170M6305,FUSE 700A 1250V 3SHT AR CU,,10345,1
170M6338,FUSE 315A 1250V 3BKN/75 AR CU,,6185,2
170M6339,FUSE 350A 1250V 3BKN/75 AR CU,,6385,2
170M6340,FUSE 400A 1250V 3BKN/75 AR CU,,6720,2
170M6342,FUSE 500A 1250V 3BKN/75 AR CU,,6730,2
170M6343,FUSE 550A 1250V 3BKN/75 AR CU,,6720,2
170M6344,FUSE 630A 1250V 3BKN/75 AR CU,,6725,2
170M6345,FUSE 700A 1250V 3BKN/75 AR CU,,6805,2
170M6346,FUSE 800A 1100V 3BKN/75 AR,,7285,2
170M6347,FUSE 900A 1000V 3BKN/75 AR,,7490,2
170M6348,FUSE 1000A 1000V 3BKN/75 AR,,7765,2
170M6349,FUSE 1100A 1000V 3BKN/75 AR,,7765,2
170M6412,FUSE 800A 690V 3BN/50 AR UC,,5280,3
170M6415,FUSE 1100A 690V 3BN/50 AR UC,,6170,3
170M6419,FUSE 1600A 690V 3BN/65 AR UC,,6905,1
170M6421,FUSE 2000A 550V 3BN/65 AR UR,,8975,1
170M6452,FUSE 630A 690V 3SHT AR UC,,5095,1
170M6462,FUSE 800A 690V 3BKN/50 AR UC,,5685,3
170M6464,FUSE 1000A 690V 3BKN/50 AR UC,,6105,3
170M6469,FUSE 1600A 690V 3BKN/65 AR UC,,7075,1
170M6470,FUSE 1800A 600V 3BKN/65 AR UR,,7940,1
170M6471,FUSE 2000A 550V 3BKN/65 AR UR,,8430,1
170M6495,FUSE 700A 1250V 3BKN/90 AR CU,,7190,1
170M6496,FUSE 800A 1250V 3BKN/90 AR,,7820,1
170M6497,FUSE 900A 1250V 3BKN/90 AR,,7955,1
170M6498,FUSE 1000A 1250V 3BKN/90 AR,,7975,1
170M6499,FUSE 1100A 1250V 3BKN/90 AR,,8450,1
170M6500,FUSE 1250A 1100V 3BKN/90 AR,,10375,1
170M6501,FUSE 1400A 1100V 3BKN/90 AR,,11145,1
170M6541,FUSE 450A 1250V 3BKN/80 AR CU,,6015,1
170M6542,FUSE 500A 1250V 3BKN/80 AR CU,,6145,1
170M6545,FUSE 700A 1250V 3BKN/80 AR CU,,6990,1
170M6546,FUSE 800A 1250V 3BKN/80 AR CU,,7150,1
170M6547,FUSE 900A 1100V 3BKN/80 AR,,8235,1
170M6548,FUSE 1000A 1100V 3BKN/80 AR,,8285,1
170M6549,FUSE 1100A 1000V 3BKN/80 AR,,6875,1
170M6551,FUSE 1000A 1250V 2//3BKN/75 AR,,12245,1
170M6564,FUSE 1000A 690V 3GKN/50 AR UC,,5825,3
170M6566,FUSE 1250A 690V 3GKN/50 AR UC,,5940,3
170M6594,FUSE 630A 1250V 3GKN/75 AR CU,,7185,2
170M6596,FUSE 800A 1100V 3GKN/75 AR,,7815,2
170M6598,FUSE 1000A 1000V 3GKN/75 AR,,8095,2
170M6611,FUSE 700A 690V 3FU/90 AR UC,,5050,1
170M6629,FUSE 800A 2000V 3STN/210 AR,,18015,2
170M6638,FUSE 700A 2000V 3BKN/155 AR,,15475,1
170M6647,FUSE 900A 1250V 3GKN/90 AR,,9465,1
170M6650,FUSE 1250A 1100V 3GKN/90 AR,,17065,1
170M6670,FUSE 1800A 600V 3FKE/90 AR UR,,10035,1
170M6697,FUSE 900A 1250V 3FU/115 AR CU,,9970,1
170M6699,FUSE 1100A 1100V 3FU/115 AR CU,,10155,1
170M6700,FUSE 1250A 1000V 3FU/115 AR CU,,10920,1
170M6712,FUSE 800A 690V 3FU/115 AR UC,,4695,1
170M6714,FUSE 1000A 690V 3FU/115 AR UC,,4840,1
170M6716,FUSE 1250A 690V 3FU/115 AR UC,,5385,1
170M6718,FUSE 1500A 690V 3FU/115 AR UC,,6655,1
170M6723,FUSE 1000A 1400V 3BKN/125 AR UR,,13730,1
170M6734,FUSE 800A 1500V 3BKN/110 AR,,13430,1
170M6745,FUSE 700A 1250V 3FKE/115 AR CU,,6330,1
170M6747,FUSE 900A 1250V 3FKE/115 AR CU,,10240,1
170M6748,FUSE 1000A 1100V 3FKE/115AR CU,,11380,1
170M6751,FUSE 1400A 1000V 3FKE/115AR CU,,20585,1
170M6768,FUSE 1500A 690V 3FKE/115 AR UC,,6195,1
170M6792,FUSE 1600A 1250V 23BKN/75AR,,27195,1
170M6808D,FUSE 500A 690V aR DIN 3 HSDNH,,4005,1
170M6809D,FUSE 550A 690V aR DIN 3 HSDNH,,4075,1
170M6810D,FUSE 630A 690V aR DIN 3 HSDNH,,4205,1
170M6811D,FUSE 700A 690V aR DIN 3 HSDNH,,4325,1
170M6812D,FUSE 800A 690V aR DIN 3 HSDNH,,4510,1
170M6813D,FUSE 900A 690V aR DIN 3 HSDNH,,4690,1
170M6814D,FUSE 1000A 690V aR DIN 3 HSDNH,,4890,1
170M6892D,FUSE 1100A 690V aR DIN 3 HSDNH,,5915,1
170M8554D,FUSE 1250A 690V aR DIN 3 HSDNH,,5375,1
170M8555D,FUSE 1400A 690V aR DIN 3 HSDNH,,5920,1
170M8556D,FUSE 1500A 690V aR DIN 3 HSDNH,,6035,1
170M8557D,FUSE 1600A 690V aR DIN 3 HSDNH,,6365,1
170M8607,FUSE 700A 1000V 3BKN/75 AR UR,,6145,2
170M8608,FUSE 800A 1000V 3BKN/75 AR UR,,6255,2
170M8610,FUSE 1000A 1000V 3BKN/75 AR UR,,6510,2
170M8611,FUSE 1100A 1000V 3BKN/75 AR UR,,6670,2
170M8612,FUSE 1250A 1000V 3BKN/90 AR,,6885,1
170M8613,FUSE 1400A 900V 3BKN/90 AR,,9360,1
170M8614,FUSE 315A 1000V 3KN/110 AR UR,,5595,1
170M8616,FUSE 400A 1000V 3KN/110 AR UR,,5870,1
170M8620,FUSE 630A 1000V 3KN/110 AR UR,,5870,1
170M8621,FUSE 700A 1000V 3KN/110 AR UR,,5905,1
170M8622,FUSE 800A 1000V 3KN/110 AR UR,,6385,1
170M8623,FUSE 900A 1000V 3KN/110 AR UR,,6485,1
170M8624,FUSE 1000A 1000V 3KN/110 AR UR,,6470,1
170M8632,FUSE 450A 1000V 3TN/110 AR UR,,5500,1
170M8633,FUSE 500A 1000V 3TN/110 AR UR,,5245,1
170M8634,FUSE 550A 1000V 3TN/110 AR UR,,5050,1
170M8635,FUSE 630A 1000V 3TN/110 AR UR,,5050,1
170M8636,FUSE 700A 1000V 3TN/110 AR UR,,5350,1
170M8637,FUSE 800A 1000V 3TN/110 AR UR,,5410,1
170M8639,FUSE 1000A 1000V 3TN/110 AR UR,,5640,1
170M8640,FUSE 1100A 1000V 3TN/110 AR UR,,6305,1
170M8641,FUSE 1250A 1000V 3TN/110 AR,,6750,1
170M8650,FUSE 1000A 1000V DIN 3 AR UR,,6545,1
DFJ-10,DRIVE FUSE,,1165,10
DFJ-15,DRIVE FUSE,,1925,10
DFJ-20,DRIVE FUSE,,1975,10
DFJ-25,DRIVE FUSE,,1975,10
DFJ-40,DRIVE FUSE,,2590,10
DFJ-50,DRIVE FUSE,,2590,10
DFJ-60,DRIVE FUSE,,2590,10
DFJ-70,DRIVE FUSE,,3360,1
DFJ-80,DRIVE FUSE,,3360,1
DFJ-90,DRIVE FUSE,,3455,1
DFJ-100,DRIVE FUSE,,3455,1
DFJ-125,DRIVE FUSE,,4055,1
DFJ-150,DRIVE FUSE,,4055,1
DFJ-175,DRIVE FUSE,,4170,1
DFJ-200,DRIVE FUSE,,4505,1
DFJ-250,DRIVE FUSE,,8390,1
DFJ-300,DRIVE FUSE,,8485,1
DFJ-350,DRIVE FUSE,,9445,1
DFJ-400,DRIVE FUSE,,9605,1
DFJ-450,DRIVE FUSE,,11335,1
DFJ-500,DRIVE FUSE,,12245,1
DFJ-600,DRIVE FUSE,,13060,1
C10G1,CYLINDRICAL FUSE 10 x 38 1A GG 500V AC,,50,10
C10G2,CYLINDRICAL FUSE 10 x 38 2A GG 500V AC,,45,10
C10G4,CYLINDRICAL FUSE 10 x 38 4A GG 500V AC,,45,10
C10G6,CYLINDRICAL FUSE 10 x 38 6A GG 500V AC,,45,10
C10G8,CYLINDRICAL FUSE 10 x 38 8A GG 500V AC,,45,10
C10G10,CYLINDRICAL FUSE 10 x 38 10A GG 500V AC,,45,10
C10G12,CYLINDRICAL FUSE 10 x 38 12A GG 500V AC,,45,10
C10G16,CYLINDRICAL FUSE 10 x 38 16A GG 500V AC,,45,10
C10G20,CYLINDRICAL FUSE 10 x 38 20A GG 500V AC,,45,10
C10G25,CYLINDRICAL FUSE 10 x 38 25A GG 500V AC,,45,10
C10G32,CYLINDRICAL FUSE 10 x 38 32A GG 400V AC,,45,10
C10G0-5,CYLINDRICAL FUSE 10 x 38 0-5A GG 500V AC,,55,10
C10M1,CYLINDRICAL FUSE 10 x 38 1A AM 500V AC,,50,10
C10M2,CYLINDRICAL FUSE 10 x 38 2A AM 500V AC,,50,10
C10M4,CYLINDRICAL FUSE 10 x 38 4A AM 500V AC,,50,10
C10M6,CYLINDRICAL FUSE 10 x 38 6A AM 500V AC,,50,10
C10M8,CYLINDRICAL FUSE 10 x 38 8A AM 500V AC,,50,10
C10M10,CYLINDRICAL FUSE 10 x 38 10A AM 500V AC,,50,10
C10M12,CYLINDRICAL FUSE 10 x 38 12A AM 500V AC,,50,10
C10M16,CYLINDRICAL FUSE 10 x 38 16A AM 500V AC,,50,10
C10M20,CYLINDRICAL FUSE 10 x 38 20A AM 400V AC,,50,10
C10M25,CYLINDRICAL FUSE 10 x 38 25A AM 400V AC,,50,10
C10M0-5,CYLINDRICAL FUSE 10x38 0.5A AM 500V AC,,50,10
C14G1,CYLINDRICAL FUSE 14 x 51 1A GG 690V AC,,65,10
C14G2,CYLINDRICAL FUSE 14 x 51 2A GG 690V AC,,65,10
C14G4,CYLINDRICAL FUSE 14 x 51 4A GG 690V AC,,65,10
C14G6,CYLINDRICAL FUSE 14 x 51 6A GG 690V AC,,65,10
C14G8,CYLINDRICAL FUSE 14 x 51 8A GG 690V AC,,65,10
C14G10,CYLINDRICAL FUSE 14 x 51 10A GG 690V AC,,65,10
C14G12,CYLINDRICAL FUSE 14 x 51 12A GG 690V AC,,65,10
C14G16,CYLINDRICAL FUSE 14 x 51 16A GG 690V AC,,65,10
C14G20,CYLINDRICAL FUSE 14 x 51 20A GG 690V AC,,65,10
C14G25,CYLINDRICAL FUSE 14 x 51 25A GG 690V AC,,65,10
C14G32,CYLINDRICAL FUSE 14 x 51 32A GG 500V AC,,70,10
C14G40,CYLINDRICAL FUSE 14 x 51 40A GG 500V AC,,75,10
C14G50,CYLINDRICAL FUSE 14 x 51 50A GG 400V AC,,130,10
C14G63,CYL FUSE 63A 500V 14X51 CYL GG PV14,,190,10
C22G2,CYLINDRICAL FUSE 22 x 58 2A GG 690V AC,,135,10
C22G4,CYLINDRICAL FUSE 22 x 58 4A GG 690V AC,,155,10
C22G6,CYLINDRICAL FUSE 22 x 58 6A GG 690V AC,,170,10
C22G8,CYLINDRICAL FUSE 22 x 58 8A GG 690V AC,,160,10
C22G10,CYLINDRICAL FUSE 22 x 58 10A GG 690V AC,,160,10
C22G12,CYLINDRICAL FUSE 22 x 58 12A GG 690V AC,,160,10
C22G16,CYLINDRICAL FUSE 22 x 58 16A GG 690V AC,,160,10
C22G20,CYLINDRICAL FUSE 22 x 58 20A GG 690V AC,,160,10
C22G25,CYLINDRICAL FUSE 22 x 58 25A GG 690V AC,,160,10
C22G32,CYLINDRICAL FUSE 22 x 58 32A GG 690V AC,,160,10
C22G40,CYLINDRICAL FUSE 22 x 58 40A GG 690V AC,,160,10
C22G50,CYLINDRICAL FUSE 22 x 58 50A GG 690V AC,,165,10
C22G63,CYLINDRICAL FUSE 22 x 58 63A GG 690V AC,,170,10
C22G80,CYLINDRICAL FUSE 22 x 58 80A GG 500V AC,,175,10
C22G100,CYLINDRICAL FUSE 22 x 58 100A GG 500V AC,,180,10
C22G125,CYLINDRICAL FUSE 22 x 58 125A GG 400V AC,,190,10
12TDLEJ10,"12KV 10A 2""DIN BROWN RESIN SEAL FUSE",,3550,3
12TDLEJ6-3,"12KV 6.3A 2""DIN BROWN RESIN SEAL FUSE",,3420,3
12TDLEJ16,"12KV 16A 2""DIN BROWN RESIN SEAL FUSE",,3485,1
12TDLEJ20,"12KV 20A 2""DIN BROWN RESIN SEAL FUSE",,3550,3
12TDLEJ25,"12KV 25A 2""DIN BROWN RESIN SEAL FUSE",,3550,1
12TDLEJ31-5,"12KV 31.5A 2""DIN BROWN RESIN SEAL FUSE",,3600,3
12TDLEJ40,"12KV 40A 2""DIN BROWN RESIN SEAL FUSE",,3600,3
12TDLEJ50,"12KV 50A 2""DIN BROWN RESIN SEAL FUSE",,3600,3
12TDLEJ63,"12KV 63A 2""DIN BROWN RESIN SEAL FUSE",,3745,1
12TFMSJ160,"12KV 160AMP 3"" DIN FUSE",,16100,1
12THLEJ100,"12KV 100A 2.5""DIN BROWN RESIN SEAL FUSE",,6425,1
12THLEJ80,"12KV 80A 2.5""DIN BROWN RESIN SEAL FUSE",,6210,1
12THMEJ100,"12KV 100A 2.5""DIN BROWN RESIN SEAL FUSE",,6810,1
12TKLEJ125,"12KV 125A 3""DIN BROWN RESIN SEAL FUSE",,11695,1
12TXLEJ160,"12KV 160AMP 3.5"" DIN FUSE",,22940,1
12TXLEJ200,"12KV 200AMP 3.5"" DIN FUSE",,27515,1
15-5ABFN223-15,15.5KV 3.15A FUSE,,2760,1
15-5ABFNA3-15,15.5KV 3.15A FUSE,,2535,1
15-5AFINF3,"15.5KV 3AMP 3"" AIR FUSE",,27645,1
15-5AFINF3-15,"15.5KV 3.15AMP 3"" AIR FUSE",,27645,1
7-2ABCN223-15,7.2KV 3.15A FUSE,,1520,1
7-2AMWNA0-5E,7-2KV 0-5A AMWNA VT FUSE.,,4275,10
7-2OBCNA3-15,7.2KV 3.15A OIL VT FUSE,,1595,1
7-2OBWNA3-15,7.2KV 3.15A VT FUSE,,2030,1
7-2OHGMA125,"7.2KV 125A 2.5"" OIL FUSE",,3935,3
7-2OHGMA140,"7.2KV 140Amp 2.5"" OIL FUSE",,4130,3
7-2OHGMA160,"7.2KV 160Amp 2.5"" OIL FUSE",,4540,3
15-5OHGMA80,15.5KV 80A OILTIGHTFUSE1331,,6505,3
7-2TDLSJ10,"7.2KV 10AMP 2"" DIN FUSE",,5380,3
7-2TDLSJ16,"7.2KV 16AMP 2"" DIN FUSE",,5380,3
7-2TDLSJ20,"7.2KV 20AMP 2"" DIN FUSE",,5575,3
7-2TDLSJ40,"7.2KV 40AMP 2"" DIN FUSE",,6460,3
7-2TDLSJ50,"7.2KV 50AMP 2"" DIN FUSE",,6850,3
7-2TDLSJ63,"7.2KV 63AMP 2"" DIN FUSE",,6865,1
7-2TDLSJ6-3,"7.2KV 6.3AMP 2"" DIN SEALED BROWN BODY",,5650,3
7-2TFLSJ80,"7.2KV 80AMP 3"" DIN FUSE",,8515,3
7-2TFLSJ100,"7.2KV 100AMP 3"" DIN FUSE",,9135,3
7-2TFLSJ125,"7.2KV 125AMP 3"" DIN FUSE",,11210,3
7-2TFLSJ160,"7.2KV 160AMP 3"" DIN FUSE",,12040,3
7-2WFGHA100-BI,"7.2KV 100A 3"" MOTOR FUSE",,8000,1
7-2WFMH7100,"7.2KV 100AMP MOTORSTART 3"" FUSE 1242B",,24080,1
7-2WFMH7125,"7.2KV 125A MOTORSTART 3"" FUSE 1242B",,23015,1
7-2WFMH750,"7.2KV 50AMP 3""  MOTORSTART FUSE",,22225,1
7-2WFMH763,"7.2KV 63AMP 3"" MOTORSTART FUSE",,22225,1
7-2WFMH780,"7.2KV 80AMP 3"" M/S FUSE",,22445,1
7-2WFMSJ100,7.2KV 100A M/S 1242,,18065,1
7-2WFMSJ125,7.2KV 125amps''MOTOR START FUSE,,18460,1
7-2WFMSJ160,"7.2KV 160AMP 3"" MOTORSTART FUSE",,26895,1
7-2WFMSJ63,"7.2KV 63AMP 3"" DIN FUSE",,17060,1
7-2WFMSJ80,"7.2KV 80A 3"" M/START FUSE",,17060,1
7-2WFNHA100,7.2KV 100A MOTOR START FUSE,,17060,3
7-2WFNHA125,7.2KV 125A MOTOR START FUSE,,17060,3
7-2WFNHA160,"7.2KV 160A 3"" MOTOR START FUSE",,17195,3
7-2WFNHA50,7.2KV 50A MOTOR START FUSE,,12965,3
7-2WFNHA63,7.2KV 63A MOTOR START FUSE,,13505,3
7-2WFNHA80,"7.2KV 80AMP 3""MOTOR START FUSE",,14185,3
7-2WFNHO100,7.2KV 100A MOTOR START FUSE,,20180,3
7-2WFNHO125,"7.2KV 125A 3"" MOTOR START FUSE",,20320,1
7-2WFNHO160,"7.2KV 160Amp 3"" MOTORSTART FUSE",,20545,3
7-2WFNHO63,"7.2KV 63A 3"" MOTOR START FUSE",,18230,3
7-2WFNHO80,"7.2KV 80A 3"" MOTOR START FUSE",,18620,3
7-2WKMH7200,7.2KV 200A M/S 1245,,31880,1
7-2WKMH7250,7.2KV 250AMP MOTORSTART F,,35485,1
7-2WKMH7315,7.2KV 315AMP MOTORSTART F USE 1242,,39685,1
7-2WKMH7355,7.2KV 355A M/S 1245,,40035,1
7-2WKMSJ200,7.2KV 200A M/S 1243,,26050,1
7-2WKMSJ250,"7.2KV 250Amp 3"" MOTORSTART FUSE",,27655,1
7-2WKMSJ315,7.2KV 315A M/S FUSE,,29970,1
7-2WKMSJ355,"7.2KV 355Amp 3"" MOTORSTART FUSE",,32190,1
7-2WKNHA200,7.2KV 200A MOTOR START FUSE,,22550,3
7-2WKNHA224,7.2KV 224 AMP MS FUSE,,22795,3
7-2WKNHA250,"7.2KV 250A 3"" MOTOR START FUSE",,23775,3
7-2WKNHA315,"7.2KV 315A 3"" MOTOR START FUSE",,26445,3
7-2WKNHO200,"7.2KV 200A 3"" MOTOR START FUSE",,27040,3
7-2WKNHO224,"7.2KV 224A 3"" MOTOR START FUSE",,27355,3
7-2WKNHO250,"7.2KV 250A 3"" MOTOR START FUSE",,28635,3
7-2WKNHO315,"7.2KV 315A 3"" MOTOR START FUSE",,32875,3
A3354720,"2.5"" FUSECLIP CARTON QTY. 1",,2585,1
A3354730,"3"" FUSECLIP",,2585,1
A3354745,45MM DIN FUSE CLIP,,2585,1
17-5ABGNA3-15,17.5KV 3.15A FUSE,,2600,1
17-5TDLEJ10,"17.5KV 10A 2""DIN BROWN RESIN SEAL FUSE",,5025,1
24ABGN223-15,24KV 3.15A VT FUSE,,3225,1
24ADIHA10,"24KV 10AMP 2"" AIR FUSE",,9940,3
24OBGN223-15,24KV 3.15A OIL FUSE,,3330,1
24OBGNA3-15,24KV 3.15A OIL FUSE,,2685,1
17-5TDMEJ16,"17.5KV 16A 2""DIN BROWN RESIN SEAL FUSE",,4380,1
17-5TDMEJ25,"17.5KV 25A 2""DIN BROWN RESIN SEAL FUSE",,4460,1
17-5TDMEJ31-5,"17.5KV 31.5A 2""DIN BROWN RESIN SEAL FUSE",,5460,1
17-5TDMEJ20,"17.5KV 20A 2""DIN BROWN RESIN SEAL FUSE",,5040,1
17-5TDMEJ40,"17.5KV 40A 2""DIN BROWN RESIN SEAL FUSE",,5880,1
17-5TDMEJ50,"17.5KV 50A 2""DIN BROWN RESIN SEAL FUSE",,6550,1
17-5TDMEJ63,"17.5KV 63A 2""DIN BROWN RESIN SEAL FUSE",,7140,1
17-5THMEJ80,"17.5KV 80A 2.5""DIN BROWN RESIN SEAL FUSE",,8125,1
17-5THMEJ100,"17.5KV 100A 2.5""DIN BROWN RESINSEAL FUSE",,10990,1
24TDMEJ10,"24KV 10A 2""DIN BROWN RESIN SEAL FUSE",,4995,1
24TDMEJ16,"24KV 16A 2""DIN BROWN RESIN SEAL FUSE",,5495,1
24TDMEJ20,"24KV 20A 2""DIN BROWN RESIN SEAL FUSE",,5495,1
24TDMEJ25,"24KV 25A 2""DIN BROWN RESIN SEAL FUSE",,5500,1
24TDMEJ31-5,"24KV 31.5A 2""DIN BROWN RESIN SEAL FUSE",,5795,1
24TDMEJ40,"24KV 40A 2""DIN BROWN RESIN SEAL FUSE",,5995,1
24TDMEJ50,"24KV 50A 2""DIN BROWN RESIN SEAL FUSE",,6175,1
24TDMEJ6-3,"24KV 6.3A 2""DIN BROWN RESIN SEAL FUSE",,4995,1
24TFMEJ80,"24KV 80A 3""DIN BROWN RESIN SEAL FUSE",,11250,1
24TFMEJ100,"24KV 100AMP 3"" DIN FUSE",,35460,1
24THMEJ63,"24KV 63A 2.5""DIN BROWN RESIN SEAL FUSE",,6230,1
24TXMEJ125,"24KV 125AMP 3"" DIN FUSE",,22145,1
24TXMEJ160,"24KV 160AMP 3"" DIN FUSE",,24395,1
3-6ABCNA3-15,3.6KV 3.15A VT FUSE 1410,,655,1
3-6ABCNA10,3.6KV 10AMP FUSE 10 3.6,,655,1
3-6ADOSJ16,"3.6KV 16AMP 2"" DIN FUSE",,12750,3
3-6ADOSJ40,"3.6KV 40AMP 2"" DIN FUSE",,13615,3
3-6ADOSJ6-3,"3.6KV 6.3AMP 2"" DIN FUSE",,12700,3
36OBGN223-15,36KV 3.15A OIL VT FUSE,,4595,1
36OBGNA3-15,36KV 3.15A FUSE,,3940,1
36TDQSJ10,"36KV 10AMP 2"" DIN FUSE",,8815,1
36TDQSJ16,"36KV 16Amp 2"" RESIN SEAL DIN FUSE",,8815,1
36TDQSJ20,"36KV 20AMP 2"" DIN FUSE",,8900,1
36TDQSJ25,"36KV 25AMP 2"" DIN FUSE",,8980,1
36TDQSJ3-15,"36KV 3.15AMP 2"" DIN FUSE",,8870,1
36TDQSJ6-3,"36KV 6.3AMP 2"" DIN FUSE",,8435,1
36TFQSJ31-5,"36KV 31.5AMP 3"" RESIN SEAL FUSE",,12965,1
36TFQSJ40,"36KV 40AMP 3"" DIN FUSE",,13485,1
36TFQSJ50,"36KV 50AMP 3"" DIN FUSE",,14365,1
36TXQEJ63,"36KV 63AMP 3.5"" DIN FUSE",,24015,1
3-6WFGHA100,"3.6KV 100AMP 3"" MOTORSTART FUSE",,12345,3
3-6WFGHA125,"3.6KV 125AMP 3"" M/START",,12460,3
3-6WFGHA160,3.6KV 160AMP M/START,,17405,3
3-6WFGHA200,3.6KV 200AMP M/S FUSE,,17525,3
3-6WFGHA250,3.6KV 250A M/S 1213,,19995,3
3-6WFLSJ160,3.6KV 160A M/S 1219,,18210,3
3-6WFLSJ200,"3.6KV 200Amp 3"" MOTORSTART FUSE",,19640,3
3-6WFOSJ160,3.6KV 160A M/S 1216B,,15430,3
3-6WFOSJ200,3.6KV 200A M/S 1216B,,15740,3
3-6WJON616,"3.6KV 16Amp MOTOR START 1.5"" FUSE",,4055,5
3-6WJON625,"3.6KV 25Amp MOTORSTART 1.5"" FUSE",,4515,5
3-6WJON631-5,"3.6KV 31.5AMP MOTOR START 1.5"" FUSE",,4515,5
3-6WJON640,"3.6KV 40AMP MOTORSTART 1.5"" FUSE",,4885,5
3-6WJON65,"3.6KV 5Amp MOTORSTART 1.5"" FUSE",,4055,5
3-6WJON650,"3.6KV 50AMP MOTOR START 1.5"" FUSE",,5295,5
3-6WKFHO250,"3.6KV 250Amp 3"" MOTOR START FUSE",,20860,3
3-6WKFHO355,"3.6KV 355AMP 3"" MOTOR FUSE",,27065,3
3-6WKFHO400,"3.6KV 400Amp  3"" MOTORSTART FUSE",,27875,3
3-6WKGHA315,3.6KV 315A M/START FUSE,,41355,3
3-6WKGHA400,3.6KV 400A M/START FUSE,,49630,3
3-6WKLSJ250,"3.6KV 250Amp 3"" MOTOR START FUSE",,21900,3
15-5CAV3E,"15.5KV 3A 12"" FUSE",,6315,5
15-5CAVH0-5E,"15.5KV 0.5A 12"" FUSE",,5380,5
15-5CAVH1E,"15.5KV 1A 12"" FUSE",,5380,5
15-5CAVH2E,"15.5KV 2A 12"" FUSE",,5715,5
17-5CAV4,"17.5KV 4AMP 8""FUSE",,7075,5
315MJ31-7,315AMP 415V AC TYPE J,,605,5
CD27,FUSE CARRIER D2 E27 25A 500V,,255,50
2D27,FUSE-D2 2A T GL/GG 500VAC E27,,95,25
4D27,FUSE-D2 4A T GL/GG 500VAC E27,,95,25
6D27,FUSE-D2 6A T GL/GG 500VAC E27,,95,25
10D27,FUSE-D2 10A T GL/GG 500VAC E27,,95,25
16D27,FUSE-D2 16A T GL/GG 500VAC E27,,95,25
20D27,FUSE-D2 20A T GL/GG 500VAC E27,,95,25
25D27,FUSE-D2 25A T GL/GG 500VAC E27,,95,25
2GD27,GAUGE PIECE D2 2A 500V FOR E27,,120,25
4GD27,GAUGE PIECE D2 4A 500V FOR E27,,120,25
6GD27,GAUGE PIECE D2 6A 500V FOR E27,,125,25
10GD27,GAUGE PIECE D2 10A FOR E27,,130,25
16GD27,GAUGE PIECE D2 16A FOR E27,,130,25
20GD27,GAUGE PIECE D2 20A 500V FOR E27,,130,25
25GD27,GAUGE PIECE D2 25A 500V FOR E27,,130,25
16321-2,POWER DISTRIBUTION BLOCK,,2340,18
16370-2,TERMINAL BLOCK,,3940,18
16321-3,POWER DIST. BLOCK 15PK,,3130,1
16323-3,POWER TERM.BLK 15PK,,5205,15
16370-3,POWER DIST. BLOCK 15PK,,5510,1
16371-3,TERMINAL BLOCK,,5295,15
2D16,FUSE-D1 2A T GL/GG 500VAC E16,,90,10
4D16,FUSE-D1 4A T GL/GG 500VAC E16,,90,10
6D16,FUSE-D1 6A T GL/GG 500VAC E16,,90,10
10D16,D TYPE. TIME DELAY. 500V 10A,,90,10
16D16,FUSE-D1 16A T GL/GG 500VAC E16,,100,10
20D16,FUSE-D1 20A T GL/GG 500VAC E16,,100,10
25D16,FUSE-D1 25A T GL/GG 500VAC E16,,100,10
2D16R,FUSE 2A DI/E16 GR 500VAC,,155,20
4D16R,FUSE 4A DI/E16 GR 500VAC,,155,20
6D16R,FUSE 6A DI/E16 GR 500VAC,,155,20
10D16R,FUSE 10A DI/E16 GR 500VAC,,170,20
16D16R,FUSE 16A DI/E16 GR 500VAC,,175,20
20D16R,FUSE 20A DI/E16 GR 500VAC,,180,20
25D16R,FUSE 25A DI/E16 GR 500VAC,,180,20
20D16Q,FUSE 20A DI/E16 500VAC DZ,,100,10
STD16,16AMP 240V AC INDUSTRIAL,,185,20
SAMI-1N,FUSE COVER THERMOPLASTIC 0 TO 30A 600V,,425,3
SAMI-3N,TYPE (600V J 65-100),,430,3
SAMI-7N,TYPE (600V MIDGET),,550,3
SAMI-9N,"TYPE (250V RK,K5,H 0-30)",,550,3
SAMI-1I,"J 0-30&250V RK,K5,H 35-60",,550,3
SAMI-3I,TYPE (600V J 65-100),,690,3
35D33,FUSE-D3 35A T GL/GG 500VAC E33,,120,25
50D33,FUSE-D3 50A T GL/GG 500VAC E33,,145,25
63D33,FUSE-D3 63A T GL/GG 500VAC E33,,150,25
35D33Q,FUSE 35A DIII/E33 500VAC,,125,25
50D33Q,FUSE 50A DIII/E33 500VAC,,150,25
63D33Q,FUSE 63A DIII/E33 500VAC,,150,25
35D33R,FUSE-D2 35A F GR 500VAC E33,,595,25
50D33R,FUSE-D3 50A GR ULTRA RAPID 500VAC E33,,595,25
63D33R,FUSE-D2 63A F GR 500VAC E33,,595,25
35GD33,GAUGE PIECE D3 35A 500V FOR E33,,135,25
50GD33,GAUGE PIECE D3 50A 500V FOR E33,,135,25
63GD33,GAUGE PIECE D3 63A 500V FOR E33,,150,25
SFRD33,SICHERUNGSUNTERTEIL D3 E33 1POL DIN HUT,,770,15
TFD33,SICHERUNGSUNTERTEIL D2 E27 3POL,,975,6
TFPCD33,3 P FUSE BA COV DIII/E337,,210,12
TFRD33,SICHERUNGSUNTERTEIL D2 E27 3POL DIN HUT,,1025,6
2NZ01,FUSE-D01 2A T GL/GG 400VAC E14,,100,10
4NZ01,FUSE-D01 4A T GL/GG 400VAC E14,,100,10
6NZ01,FUSE-D01 6A T GL/GG 400VAC E14,,100,10
10NZ01,FUSE-D01 10A T GL/GG 400VAC E14,,110,10
16NZ01,FUSE-D01 16A T GL/GG 400VAC E14,,110,10
20NZ02,FUSE-D02 20A T GL/GG 400VAC E18,,115,10
25NZ02,FUSE-D02 25A T GL/GG 400VAC E18,,115,10
35NZ02,FUSE-D02 35A T GL/GG 400VAC E18,,115,10
50NZ02,FUSE-D02 50A T GL/GG 400VAC E18,,130,10
63NZ02,FUSE-D02 63A T GL/GG 400VAC E18,,135,10
80NZ03,FUSE-D03 80A T GL/GG 400VAC M30,,240,10
100NZ03,FUSE-D03 100A T GL/GG 400VAC M30,,265,10
BAF-2,BUSS MIDGET FUSE,,180,10
BAF-5,BUSS MIDGET FUSE,,180,10
BAF-10,BUSS MIDGET FUSE,,180,10
BAF-15,BUSS MIDGET FUSE,,180,10
BAF-20,BUSS MIDGET FUSE,,180,10
BAF-30,BUSS MIDGET FUSE,,180,10
BAF-1-1-2,BUSS MIDGET FUSE,,290,10
BH-0111,MODULAR BLOCK,,4805,1
BH-0112,MODULAR BLOCK,,4805,1
BH-0122,MODULAR BLOCK,,5765,1
BH-1133,MODULAR BLOCK,,5765,1
BH-3144,MODULAR BLOCK,,9005,10
BH-3145,MODULAR BLOCK,,10810,10
KLM-2,LIMITRON FAST ACTING FUSE,,345,10
KLM-3,LIMITRON FAST ACTING FUSE,,390,10
KLM-4,LIMITRON FAST ACTING FUSE,,390,10
KLM-5,LIMITRON FAST ACTING FUSE,,390,10
KLM-6,LIMITRON FAST ACTING FUSE,,390,10
KLM-8,LIMITRON FAST ACTING FUSE,,390,10
KLM-10,LIMITRON FAST ACTING FUSE,,390,10
KLM-15,LIMITRON FAST ACTING FUSE,,390,10
KLM-30,LIMITRON FAST ACTING FUSE,,390,10
FL11T25,"FUSE LINK,EDISON,TYPE T,25A,23""L",,490,150
FL11T40,"FUSE LINK,EDISON,TYPE T,40A,23""L",,490,150
FL11T50,"FUSE LINK,EDISON,TYPE T,50A,23""L",,490,150
FNA-30,FUSETRON DUAL-ELEMENT INDICATING,,945,10
FNA-2-1-4,FUSETRON DUAL-ELEMENT INDICATING,,670,10
FNA-2-8-10,FUSETRON DUAL-ELEMENT INDICATING,,670,10
FNM-1,BUSS MIDGET FUSE,,305,10
FNM-2,BUSS MIDGET FUSE,,305,10
FNM-3,BUSS MIDGET FUSE,,305,10
FNM-4,BUSS MIDGET FUSE,,305,10
FNM-5,BUSS MIDGET FUSE,,305,10
FNM-6,BUSS MIDGET FUSE,,305,10
FNM-7,BUSS MIDGET FUSE,,305,10
FNM-8,BUSS MIDGET FUSE,,305,10
FNM-9,BUSS MIDGET FUSE,,360,10
FNM-10,BUSS MIDGET FUSE,,360,10
FNM-15,BUSS MIDGET FUSE,,360,10
FNM-20,BUSS MIDGET FUSE,,360,10
FNM-25,BUSS MIDGET FUSE,,360,10
FNM-30,BUSS MIDGET FUSE,,360,10
FNM-1-1-2,1.5A BUSS MIDGET FUSE,,400,10
FNM-1-1-4,BUSS MIDGET FUSE,,400,10
FNM-1-1-8,BUSS MIDGET FUSE,,400,10
FNM-1-2,BUSS MIDGET FUSE,,400,10
FNM-2-1-2,BUSS MIDGET FUSE,,400,10
FNM-2-8-10,BUSS MIDGET FUSE,,400,10
FNM-3-10,BUSS MIDGET FUSE,,400,10
FNM-3-2-10,BUSS MIDGET FUSE,,400,10
FNM-6-1-4,BUSS MIDGET FUSE,,400,10
FNQ-1,BUSS MIDGET FUSE,,670,10
FNQ-2,BUSS MIDGET FUSE,,670,10
FNQ-3,BUSS MIDGET FUSE,,670,10
FNQ-4,BUSS MIDGET FUSE,,670,10
FNQ-5,BUSS MIDGET FUSE,,670,10
FNQ-6,BUSS MIDGET FUSE,,670,10
FNQ-8,BUSS MIDGET FUSE,,670,10
FNQ-10,BUSS MIDGET FUSE,,670,10
FNQ-15,BUSS MIDGET FUSE,,865,10
FNQ-20,BUSS MIDGET FUSE,,865,10
FNQ-25,BUSS MIDGET FUSE,,865,10
FNQ-30,BUSS MIDGET FUSE,,865,10
FNQ-1-10,BUSS MIDGET FUSE,,835,10
FNQ-1-2,BUSS MIDGET FUSE,,835,10
FNQ-1-4,BUSS MIDGET FUSE,,835,10
FNQ-1-6-10,BUSS MIDGET FUSE,,835,10
FNQ-1-8,BUSS MIDGET FUSE,,835,10
FNQ-3-10,BUSS MIDGET FUSE,,835,10
FNQ-3-1-2,BUSS MIDGET FUSE,,835,10
FNQ-3-2-10,BUSS MIDGET FUSE,,835,10
FNQ-6-10,BUSS MIDGET FUSE,,835,10
FNQ-R-1,CLASS CC TIME DELAY,,890,10
FNQ-R-2,CLASS CC TIME DELAY,,890,10
FNQ-R-3,FUSE 3 A 600VAC,,890,10
FNQ-R-4,CLASS CC TIME DELAY,,890,10
FNQ-R-5,CLASS CC TIME DELAY,,890,10
FNQ-R-6,CLASS CC TIME DELAY,,890,10
FNQ-R-7,CLASS CC TIME DELAY,,890,10
FNQ-R-8,CLASS CC TIME DELAY 10 X 38 7.5A 600V AC,,890,10
FNQ-R-10,CLASS CC TIME DELAY,,890,10
FNQ-R-12,CLASS CC TIME DELAY REJECTION FUSE,,890,10
FNQ-R-15,CLASS CC TIME DELAY REJECTION FUSE,,890,10
FNQ-R-20,CLASS CC TIME DELAY REJECTION FUSE,,890,10
FNQ-R-25,CLASS CC TIME DELAY REJECTION FUSE,,890,10
FNQ-R-30,CLASS CC TIME DELAY REJECTION FUSE,,890,10
FNQ-R-1-1-2,CLASS CC TIME DELAY,,890,10
FNQ-R-1-1-4,CLASS CC TIME DELAY,,890,10
FNQ-R-1-2,CLASS CC TIME DELAY,,890,10
FNQ-R-1-4,CLASS CC TIME DELAY,,890,10
FNQ-R-1-6-10,CLASS CC TIME DELAY,,890,10
FNQ-R-1-8-10,CLASS CC TIME DELAY,,890,10
FNQ-R-2-1-2,CLASS CC TIME DELAY,,890,10
FNQ-R-3-10,CLASS CC TIME DELAY,,890,10
FNQ-R-3-1-2,CLASS CC TIME DELAY,,890,10
FNQ-R-3-2-10,CLASS CC TIME DELAY,,890,10
FNQ-R-3-4,CLASS CC TIME DELAY,,890,10
FNQ-R-4-10,CLASS CC TIME DELAY,,890,10
FNQ-R-6-10,CLASS CC TIME DELAY,,890,10
FNQ-R-6-1-4,CLASS CC TIME DELAY,,890,10
FNQ-R-7-1-2,CLASS CC TIME DELAY,,890,10
FNQ-R-8-10,CLASS CC TIME DELAY,,890,10
FRN-R-1,FUSETRON DUAL-ELEMENT CLASS RK5,,500,10
FRN-R-2,FUSETRON DUAL-ELEMENT CLASS RK5,,500,10
FRN-R-3,FUSETRON DUAL-ELEMENT CLASS RK5,,500,10
FRN-R-5,FUSETRON DUAL-ELEMENT CLASS RK5,,500,10
FRN-R-6,FUSETRON DUAL-ELEMENT CLASS RK5,,500,10
FRN-R-8,FUSETRON DUAL-ELEMENT CLASS RK5,,500,10
FRN-R-10,FUSETRON DUAL-ELEMENT CLASS RK5,,500,10
FRN-R-12,FUSETRON DUAL-ELEMENT CLASS RK5,,500,10
FRN-R-15,FUSETRON DUAL-ELEMENT CLASS RK5,,500,10
FRN-R-20,FUSETRON DUAL-ELEMENT CLASS RK5,,500,10
FRN-R-30,FUSETRON DUAL-ELEMENT CLASS RK5,,500,10
FRN-R-35,FUSETRON DUAL-ELEMENT CLASS RK5,,515,10
FRN-R-40,FUSETRON DUAL-ELEMENT CLASS RK5,,515,10
FRN-R-50,FUSETRON DUAL-ELEMENT CLASS RK5,,630,10
FRN-R-60,FUSETRON DUAL-ELEMENT CLASS RK5,,630,10
FRN-R-70,FUSETRON DUAL-ELEMENT CLASS RK5,,1065,5
FRN-R-80,FUSETRON DUAL-ELEMENT CLASS RK5,,1190,5
FRN-R-125,FUSETRON DUAL-ELEMENT CLASS RK5,,1945,1
FRN-R-200,FUSETRON DUAL-ELEMENT CLASS RK5,,3435,1
FRN-R-225,FUSETRON DUAL-ELEMENT,,4005,1
FRN-R-350,FUSETRON DUAL-ELEMENT,,5150,1
FRN-R-600,FUSETRON DUAL-ELEMENT,,6295,1
FRN-R-1-2,FUSETRON DUAL-ELEMENT CLASS RK5,,475,10
FRN-R-1-4,FUSETRON DUAL-ELEMENT CLASS RK5,,475,10
FRN-R-2-1-2,FUSETRON DUAL-ELEMENT CLASS RK5,,475,10
FRN-R-3-2-10,FUSETRON DUAL-ELEMENT CLASS RK5,,475,10
FRN-R-4-1-2,FUSETRON DUAL-ELEMENT CLASS RK5,,475,10
FRN-R-6-1-4,FUSETRON DUAL-ELEMENT CLASS RK5,,475,10
FRN-R-17-1-2,FUSETRON DUAL-ELEMENT CLASS RK5,,475,10
FRS-R-1,FUSETRON DUAL ELEMENT FUSE CLASS RK5,,745,10
FRS-R-2,FUSETRON DUAL ELEMENT FUSE CLASS RK5,,745,10
FRS-R-3,FUSETRON DUAL ELEMENT FUSE CLASS RK5,,745,10
FRS-R-5,FUSETRON DUAL ELEMENT FUSE CLASS RK5,,745,10
FRS-R-8,FUSETRON DUAL ELEMENT FUSE CLASS RK5,,745,10
FRS-R-10,FUSETRON DUAL ELEMENT FUSE CLASS RK5,,745,10
FRS-R-12,FUSETRON DUAL ELEMENT FUSE CLASS RK5,,745,10
FRS-R-15,FUSETRON DUAL ELEMENT FUSE CLASS RK5,,745,10
FRS-R-20,FUSETRON DUAL ELEMENT FUSE CLASS RK5,,745,10
FRS-R-25,FUSETRON DUAL ELEMENT FUSE CLASS RK5,,745,10
FRS-R-30,FUSETRON DUAL ELEMENT FUSE CLASS RK5,,745,10
FRS-R-35,FUSETRON DUAL ELEMENT FUSE CLASS RK5,,915,10
FRS-R-40,FUSETRON DUAL ELEMENT FUSE CLASS RK5,,975,10
FRS-R-45,FUSETRON DUAL ELEMENT FUSE CLASS RK5,,975,10
FRS-R-50,FUSETRON DUAL ELEMENT FUSE CLASS RK5,,975,10
FRS-R-60,FUSETRON DUAL ELEMENT FUSE CLASS RK5,,975,10
FRS-R-70,FUSETRON DUAL ELEMENT FUSE CLASS RK5,,1375,5
FRS-R-80,FUSETRON DUAL ELEMENT FUSE CLASS RK5,,1375,1
FRS-R-90,FUSETRON DUAL ELEMENT FUSE CLASS RK5,,1375,1
FRS-R-100,FUSETRON DUAL ELEMENT FUSE CLASS RK5,,1375,1
FRS-R-110,FUSETRON DUAL ELEMENT FUSE CLASS RK5,,3205,1
FRS-R-125,FUSETRON DUAL ELEMENT FUSE CLASS RK5,,3205,1
FRS-R-150,FUSETRON DUAL ELEMENT FUSE CLASS RK5,,3205,1
FRS-R-175,FUSETRON DUAL ELEMENT FUSE CLASS RK5,,3205,1
FRS-R-200,FUSETRON DUAL ELEMENT FUSE CLASS RK5,,3205,1
FRS-R-225,FUSETRON DUAL ELEMENT FUSE CLASS RK5,,4580,1
FRS-R-300,FUSETRON DUAL ELEMENT FUSE CLASS RK5,,5150,1
FRS-R-1-1-2,FUSETRON DUAL ELEMENT FUSE CLASS RK5,,710,10
FRS-R-17-1-2,FUSETRON DUAL ELEMENT FUSE CLASS RK5,,710,10
FRS-R-1-8-10,FUSETRON DUAL ELEMENT FUSE CLASS RK5,,710,10
FRS-R-2-1-2,FUSETRON DUAL ELEMENT FUSE CLASS RK5,,710,10
FRS-R-2-1-4,FUSETRON DUAL ELEMENT FUSE CLASS RK5,,710,10
FRS-R-3-1-2,FUSETRON DUAL ELEMENT FUSE CLASS RK5,,710,10
FRS-R-8-10,FUSETRON DUAL ELEMENT FUSE CLASS RK5,,710,10
JJN-2,ARON FAST ACTING FUSE,,670,10
JJN-6,TRON FAST ACTING FUSE,,670,10
JJN-15,TRON FAST ACTING FUSE CLASS T,,670,10
JJN-50,TRON FAST ACTING FUSE CLASS T,,760,10
JJN-110,TRON FAST ACTING FUSE CLASS T,,1050,1
JJN-125,TRON FAST ACTING FUSE,,1050,1
JJN-175,TRON FAST ACTING FUSE CLASS T,,1050,1
JJS-10,TRON FAST ACTING FUSE CLASS T,,585,10
JJS-15,TRON FAST ACTING FUSE CLASS T,,990,10
JJS-20,TRON FAST ACTING FUSE CLASS T,,990,10
JJS-25,TRON FAST ACTING FUSE CLASS T,,990,10
JJS-30,TRON FAST ACTING FUSE CLASS T,,990,10
JJS-50,TRON FAST ACTING FUSE CLASS T,,1655,10
JJS-60,TRON FAST ACTING FUSE CLASS T,,1655,10
JJS-70,TRON FAST ACTING FUSE CLASS T,,1750,5
JJS-80,TRON FAST ACTING FUSE CLASS T,,2390,5
JJS-90,TRON FAST ACTING FUSE CLASS T,,2450,5
JJS-110,TRON FAST ACTING FUSE CLASS T,,2915,1
JJS-125,TRON FAST ACTING FUSE CLASS T,,2915,1
JJS-150,TRON FAST ACTING FUSE CLASS T,,2915,1
JJS-175,TRON FAST ACTING FUSE CLASS T,,2915,1
JJS-200,TRON FAST ACTING FUSE CLASS T,,2915,1
JJS-300,TRON FAST ACTING FUSE CLASS T,,5595,1
JJS-350,TRON FAST ACTING FUSE CLASS T,,6415,1
JJS-400,TRON FAST ACTING FUSE CLASS T,,6415,1
JJS-450,TRON FAST ACTING FUSE CLASS T,,15510,1
JJS-500,TRON FAST ACTING FUSE CLASS T,,16440,1
JJS-600,TRON FAST ACTING FUSE CLASS T,,16905,1
JKS-2,LIMITRON FAST ACTING FUSE CLASS J,,900,10
JKS-3,LIMITRON FAST ACTING FUSE CLASS J,,900,10
JKS-10,LIMITRON FAST ACTING FUSE CLASS J,,900,10
JKS-15,LIMITRON FAST ACTING FUSE CLASS J,,900,10
JKS-20,LIMITRON FAST ACTING FUSE CLASS J,,900,10
JKS-30,LIMITRON FAST ACTING FUSE CLASS J,,990,10
JKS-35,LIMITRON FAST ACTING FUSE CLASS J,,1050,10
JKS-40,LIMITRON FAST ACTING FUSE CLASS J,,1105,10
JKS-45,LIMITRON FAST ACTING FUSE CLASS J,,1165,10
JKS-50,LIMITRON FAST ACTING FUSE CLASS J,,1515,10
JKS-60,LIMITRON FAST ACTING FUSE CLASS J,,2100,10
JKS-70,LIMITRON FAST ACTING FUSE CLASS J,,2565,1
JKS-80,LIMITRON FAST ACTING FUSE CLASS J,,3030,1
JKS-100,LIMITRON FAST ACTING FUSE CLASS J,,3030,1
JKS-125,LIMITRON FAST ACTING FUSE CLASS J,,4430,1
JKS-150,LIMITRON FAST ACTING FUSE CLASS J,,4430,1
JKS-200,LIMITRON FAST ACTING FUSE CLASS J,,4430,1
JKS-250,LIMITRON FAST ACTING FUSE CLASS J,,10960,1
JKS-300,LIMITRON FAST ACTING FUSE CLASS J,,10960,1
JKS-350,LIMITRON FAST ACTING FUSE CLASS J,,10960,1
JKS-400,LIMITRON FAST ACTING FUSE CLASS J,,10960,1
JKS-450,LIMITRON FAST ACTING FUSE CLASS J,,13290,1
KTK-1,LIMITRON FAST ACTING FUSE,,800,10
KTK-2,LIMITRON FAST ACTING FUSE,,800,10
KTK-3,LIMITRON FAST ACTING FUSE,,800,10
KTK-4,LIMITRON FAST ACTING FUSE,,800,10
KTK-5,LIMITRON FAST ACTING FUSE,,800,10
KTK-6,LIMITRON FAST ACTING FUSE,,800,10
KTK-8,LIMITRON FAST ACTING FUSE,,800,10
KTK-10,LIMITRON FAST ACTING FUSE,,800,10
KTK-15,LIMITRON FAST ACTING FUSE,,800,10
KTK-20,LIMITRON FAST ACTING FUSE,,800,10
KTK-25,LIMITRON FAST ACTING FUSE,,800,10
KTK-30,LIMITRON FAST ACTING FUSE,,915,10
KTK-1-10,LIMITRON FAST ACTING FUSE,,915,10
KTK-1-4,LIMITRON FAST ACTING FUSE,,915,10
KTK-2-1-2,LIMITRON FAST ACTING FUSE,,915,10
KTK-3-1-2,LIMITRON FAST ACTING FUSE,,915,10
KTK-3-4,LIMITRON FAST ACTING FUSE,,915,10
KTK-R-1,CLASS CC FAST ACTING FUSE CLASS CC,,800,10
KTK-R-2,CLASS CC FAST ACTING FUSE CLASS CC,,800,10
KTK-R-3,CLASS CC FAST ACTING FUSE CLASS CC,,800,10
KTK-R-4,CLASS CC FAST ACTING FUSE CLASS CC,,800,10
KTK-R-5,CLASS CC FAST ACTING FUSE CLASS CC,,800,10
KTK-R-6,CLASS CC FAST ACTING FUSE CLASS CC,,800,10
KTK-R-8,CLASS CC FAST ACTING FUSE CLASS CC,,800,10
KTK-R-9,CLASS CC FAST ACTING FUSE,,860,10
KTK-R-10,CLASS CC FAST ACTING FUSE CLASS CC,,860,10
KTK-R-12,CLASS CC FAST ACTING FUSE CLASS CC,,860,10
KTK-R-15,CLASS CC FAST ACTING FUSE CLASS CC,,860,10
KTK-R-20,CLASS CC FAST ACTING FUSE CLASS CC,,860,10
KTK-R-25,CLASS CC FAST ACTING FUSE,,860,10
KTK-R-30,CLASS CC FAST ACTING FUSE,,860,10
KTK-R-1-1-2,CLASS CC FAST ACTING FUSE CLASS CC,,860,10
KTK-R-1-2,CLASS CC FAST ACTING FUSE CLASS CC,,860,10
LP-CC-1,LOW PEAK CC TIME DELAY,,800,10
LP-CC-2,LOW PEAK CC TIME DELAY,,800,10
LP-CC-3,LOW PEAK CC TIME DELAY,,800,10
LP-CC-4,LOW PEAK CC TIME DELAY,,800,10
LP-CC-5,LOW PEAK CC TIME DELAY,,800,10
LP-CC-6,LOW PEAK CC TIME DELAY,,800,10
LP-CC-7,LOW PEAK CC TIME DELAY,,800,10
LP-CC-8,LOW PEAK CC TIME DELAY,,800,10
LP-CC-9,LOW PEAK CC TIME DELAY,,800,10
LP-CC-10,LOW PEAK CC TIME DELAY,,800,10
LP-CC-12,LOW PEAK CC TIME DELAY,,800,10
LP-CC-15,LOW PEAK CC TIME DELAY,,800,10
LP-CC-20,LOW PEAK CC TIME DELAY,,800,10
LP-CC-25,LOW PEAK CC TIME DELAY,,800,10
LP-CC-30,LOW PEAK CC TIME DELAY,,800,10
LP-CC-1-1-2,LOW PEAK CC TIME DELAY,,975,10
LP-CC-1-2,LOW PEAK CC TIME DELAY,,975,10
LP-CC-2-1-2,LOW PEAK CC TIME DELAY,,975,10
LPJ-1SP,LOW PEAK CLASS J T/D,,1030,10
LPJ-2SP,LOW-PEAK CLASS J T/D,,1030,10
LPJ-3SP,LOW-PEAK CLASS J T/D,,1030,10
LPJ-4SP,LOW-PEAK CLASS J T/D,,1030,10
LPJ-5SP,LOW-PEAK CLASS J T/D,,1030,10
LPJ-6SP,LOW-PEAK CLASS J T/D,,1030,10
LPJ-7SP,LOW-PEAK CLASS J T/D,,1030,10
LPJ-8SP,LOW-PEAK CLASS J T/D,,1030,10
LPJ-10SP,LOW-PEAK CLASS J T/D,,1030,10
LPJ-12SP,LOW-PEAK CLASS J T/D,,1030,10
LPJ-15SP,LOW-PEAK CLASS J T/D,,1030,10
LPJ-20SP,LOW-PEAK CLASS J T/D,,1030,10
LPJ-25SP,LOW-PEAK CLASS J T/D,,1030,10
LPJ-30SP,LOW-PEAK CLASS J T/D,,1260,10
LPJ-35SP,LOW-PEAK CLASS J T/D,,1830,10
LPJ-40SP,LOW-PEAK CLASS J T/D,,1830,10
LPJ-45SP,LOW-PEAK CLASS J T/D,,1830,10
LPJ-50SP,LOW-PEAK CLASS J T/D,,1830,10
LPJ-60SP,LOW-PEAK CLASS J T/D,,1830,10
LPJ-70SP,LOW-PEAK CLASS J T/D,,4005,1
LPJ-80SP,LOW-PEAK CLASS J T/D,,4120,1
LPJ-90SP,LOW-PEAK CLASS J T/D,,4235,1
LPJ-100SP,LOW-PEAK CLASS J T/D,,4235,1
LPJ-110SP,LOW PEAK CLASS J T/D,,6755,1
LPJ-125SP,LOW PEAK CLASS J T/D,,6755,1
LPJ-150SP,LOW PEAK CLASS J T/D,,6755,1
LPJ-175SP,LOW PEAK CLASS J T/D,,6870,1
LPJ-15SPi,INDICATING LPJ-15SP,,1420,10
LPJ-30SPI,LOW PEAK CLASS J T/D,,1420,10
LPJ-70SPI,INDICATING LPJ-70SP,,4085,1
LPJ-100SPI,INDICATING LPJ-100SP,,4310,1
NON-1,BUSS ONE TIME FUSE,,155,10
NON-2,BUSS ONE TIME FUSE,,155,10
NON-3,BUSS ONE TIME FUSE,,155,10
NON-4,BUSS ONE TIME FUSE,,155,10
NON-5,BUSS ONE TIME FUSE,,155,10
NON-10,BUSS ONE TIME FUSE,,155,10
NON-15,BUSS ONE TIME FUSE,,155,10
NON-20,BUSS ONE TIME FUSE,,155,10
NON-30,BUSS ONE TIME FUSE,,155,10
NON-35,BUSS ONE TIME FUSE,,170,10
NON-40,BUSS ONE TIME FUSE,,170,10
NON-45,BUSS ONE TIME FUSE,,225,10
NON-50,BUSS ONE TIME FUSE,,225,10
NON-60,BUSS ONE TIME FUSE,,225,10
NON-80,BUSS ONE TIME FUSE,,735,5
NON-200,BUSS ONE TIME FUSE,,2040,1
NON-250,BUSS ONE TIME FUSE,,4310,1
NON-500,BUSS ONE TIME FUSE,,6350,1
NOS-5,BUSS ONE TIME FUSE,,395,10
NOS-10,BUSS ONE TIME FUSE,,395,10
NOS-20,BUSS ONE TIME FUSE,,395,10
NOS-25,BUSS ONE TIME FUSE,,395,10
NOS-30,BUSS ONE TIME FUSE,,395,10
NOS-40,BUSS ONE TIME FUSE,,795,10
NOS-50,BUSS ONE TIME FUSE,,840,10
NOS-60,BUSS ONE TIME FUSE,,930,10
T60100-1C,CLASS T FUSEBLOCK,,2100,1
T60100-3C,CLASS T FUSEBLOCK,,4895,1
T60200-1C,CLASS T FUSEBLOCK,,4080,1
T60400-1C,CLASS T FUSEBLOCK,,9910,1
T60600-1C,CLASS T FUSEBLOCK,,15740,1
T60030-1CR,BUSS CLASS T FUSEBLOCK,,935,1
T60030-3CR,BUSS FUSEBLOCK WAS 1B0074,,2100,1
T60060-1CR,BUSS CLASS T FUSEBLOCK,,1050,1
T60060-3CR,BUSS FUSEBLOCK WAS 1B0078 T60060-3CR-BN,,2450,1
T60030-1SR,BUSS CLASS T FUSEBLOCK,,875,1
T60030-2SR,BUSS FUSEBLOCK CLASS T,,1340,1
T60030-3SR,BUSS CLASS T FUSEBLOCK,,1925,1
T60060-1SR,BUSS FUSEBLOCK CLASS T,,830,1
T60060-3SR,BUSS CLASS T FUSEBLOCK,,2330,1
T30030-2SR,BUSS FUSEBLOCK CLASS T,,1865,1
T30030-3SR,BUSS FUSEBLOCK CLASS T,,2450,1
TCF6,6A FUSE ASSY,,1330,12
TCF10,10A FUSE ASSY,,1330,12
TCF15,CUBEFUSE 15 AMP,,1480,12
TCF20,CUBEFUSE 20 AMP,,1480,12
TCF25,CUBEFUSE 25 AMP,,1480,12
TCF30,CUBEFUSE 30 AMP,,1480,12
TCF35,CUBEFUSE 35 AMP,,1675,12
TCF40,CUBEFUSE 40 AMP,,1675,12
TCF45,CUBEFUSE 45 AMP,,1735,12
TCF50,CUBEFUSE 50 AMP,,1735,12
TCF60,CUBEFUSE 60 AMP,,1850,12
TCF90,CUBEFUSE 90 AMP,,1965,6
TCF100,CUBEFUSE 100 AMP,,2080,6
TCF1RN,CUBEFUSE 1 AMP NON-INP,,1420,12
TCF3RN,CUBEFUSE 3 AMP NON-INP,,1420,12
TCF10RN,CUBEFUSE 10 AMP NON-INP,,1420,12
TCF15RN,CUBEFUSE 15 AMP NON-INP,,1420,12
TCF20RN,CUBEFUSE 20 AMP NON-INP,,1560,12
TCF20RNW,Wind CUBEFuse 20A,,1110,12
TCF30RNW,Wind CUBEFuse 30A,,1270,12
DMM-44-100-R,FLUKE PRIVATE LABEL FUSE RoHS,,125,250
DMM-B-11A,DMM FUSE - BUSSMANN,,610,10
DMM-B-44-100,DMM FUSE - BUSSMANN,,310,10
FWA-1000A,SEMI-COND FUSE 1000A 150V AC,,4810,1
FWA-5A10F,SEMI-COND FUSE 5A 150V AC,,740,10
FWA-10A10F,SEMI-COND FUSE 10A 150V AC,,740,10
FWA-15A10F,SEMI-COND FUSE 15A 150V AC,,740,10
FWA-20A10F,SEMI-COND FUSE 20A 150V AC,,740,10
FWA-25A10F,SEMI-COND FUSE 25A 150V AC,,740,10
FWA-30A10F,SEMI-COND FUSE 30A 150V  AC,,795,10
FWC-1A10F,1AMP 700V AC FERRULE 10 X 38MM,,245,10
FWC-2A10F,2AMP 700V AC FERRULE 10 X 38MM,,245,10
FWC-3A10F,3AMP 700V AC FERRULE 10 X 38MM,,245,10
FWC-4A10F,4AMP 700V AC FERRULE 10 X 38MM,,245,10
FWC-6A10F,6AMP 600V AC FERRULE 10 X 38MM,,250,10
FWC-8A10F,8Amp 600Vac FERRULE FUSE 10 X 38MM,,250,10
FWC-10A10F,10AMP 600V AC FERRULE 10 X 38MM,,250,10
FWC-12A10F,12AMP 600V AC FERRULE 10 X 38MM,,255,10
FWC-16A10F,16AMP 600V AC FERRULE 10 X 38MM,,255,10
FWC-20A10F,20AMP 600V AC FERRULE 10 X 38MM,,265,10
FWC-25A10F,25AMP 600V AC FERRULE 10 X 38MM,,265,10
FWC-32A10F,32AMP 600V AC FERRULE 10 X 38MM,,265,10
FWH-225A,BUSS HIGH SPEED FUSE,,2185,1
FWH-250A,BUSS HIGH SPEED FUSE,,2270,1
FWH-300A,BUSS HIGH SPEED FUSE,,2290,1
FWH-325A,BUSS HIGH SPEED FUSE,,2300,1
FWH-350A,BUSS HIGH SPEED FUSE,,2310,1
FWH-400A,BUSS HIGH SPEED FUSE,,2320,1
FWH-450A,BUSS HIGH SPEED FUSE,,3390,1
FWH-500A,BUSS HIGH SPEED FUSE,,3445,1
FWH-600A,BUSS HIGH SPEED FUSE,,3500,1
FWH-700A,BUSS HIGH SPEED FUSE,,6995,1
FWH-800A,BUSS HIGH SPEED FUSE,,7100,1
FWH-900A,500V 900A S/COND FUSE,,16980,1
FWH-35B,35A 500V AC TAG FUSE,,675,5
FWH-40B,40A 500V AC TAG FUSE,,675,5
FWH-45B,45A 500V AC TAG FUSE,,675,5
FWH-50B,50A 500V AC TAG FUSE,,685,5
FWH-60B,60A 500V AC TAG FUSE,,685,5
FWH-70B,70A 500V AC TAG FUSE,,700,1
FWH-80B,80A 500V AC TAG FUSE,,720,1
FWH-90B,90A 500V AC TAG FUSE,,725,1
FWH-100B,SEMI-COND FUSE 100A 500V AC,,1065,1
FWH-125B,125A 500V AC TAG FUSE,,1435,1
FWH-150B,150A 500V AC TAG FUSE,,1365,1
FWH-175B,175A 500V AC TAG FUSE,,1365,1
FWH-200B,200A 500V AC TAG FUSE,,1435,1
FWH-150A,150A 500V AC TAG FUSE,,2135,1
FWH-001A6F,SEMI COND FUSE 1.0A 500V AC 6 X 32MM,,400,10
FWH-002A6F,SEMI -COND FUSE 2A 500V AC 6 X 32MM,,400,10
FWH-004A6F,SEMI-COND FUSE 4AMP 500V AC,,395,10
FWH-005A6F,SEMI-COND FUSE 5.0A 500V AC,,260,10
FWH-007A6F,SEMI-COND FUSE 7.0A 500V AC,,260,10
FWH5-010A6F,"BUSS, HIGH SPEED FUSE RoHS",,255,5
FWH5-015A6F,"BUSS, SEMICONDUCTOR, 500V",,260,5
FWH5-016A6F,"BUSS, SEMICONDUCTOR, 500V",,260,5
FWH-025A6F,"BUSS SEMICONDUCTOR, 500V",,260,5
FWH-030A6F,"BUSS, SEMICONDUCTOR, 500V",,260,5
FWH--250A6F,SEMI COND FUSE 0.25A 500V AC 6 X 32MM,,270,10
FWH--500A6F,SEMI COND FUSE 0.50A 500V AC 6 X 32MM,,300,10
FWH5-12-5A6F,"BUSS, SEMICONDUCTOR, 500V",,330,5
FWH-3-15A6F,3.15Amp 500V SEMI-COND FUSE,,205,10
FWH-2A14F,500V 2AMP S/COND FERRULE 14.3 X 50.8MM,,485,10
FWH-4A14F,500V 4AMP S/COND FERRULE 14.3 X 50.8MM,,485,10
FWH-5A14F,500V 5Amp S/COND FERRULE 14.3 X 50.8MM,,450,10
FWH-6A14F,500V 6AMP S/COND FERRULE 14.3 X 50.8MM,,450,10
FWH-10A14F,SEMI-COND FUSE 10A 500V 14 X 51MM,,455,10
FWH-12A14F,500V 12Amp S/COND FERRULE 14.3 X 50.8MM,,450,10
FWH-15A14F,500V 15AMP S/COND FERRULE 14.3 X 50.8MM,,450,10
FWH-20A14F,20AMP 500V AC FERRULE 6.4 X 31.8MM,,450,10
FWH-30A14F,30AMP 500V AC FERRULE 14x51mm,,475,10
FWH-25A14F,500V 25Amp S/COND FERRULE 14 X 51MM,,450,10
FWH5-020A6F,"BUSS, SEMICONDUCTOR, 500V",,250,50
FWH-6-30A6F,6.3AMP 500V SEMI-COND FUSE,,200,10
FWJ-50A,50AMP 1000V AC SEMI-COND FUSE,,2650,10
FWJ-60A,60AMP 1000V AC SEMI-COND FUSE,,2650,10
FWJ-70A,70AMP 1000V AC SEMI-COND FUSE,,2650,10
FWJ-100A,100AMP 1000V AC SEMI-COND FUSE,,3605,10
FWJ-125A,125AMP 1000V AC SEMI-COND,,4980,1
FWJ-150A,150AMP 1000V AC SEMI-COND FUSE,,5035,1
FWJ-200A,200AMP 1000V AC SEMI-COND FUSE,,5050,1
FWJ-250A,250AMP 1000V AC SEMI-COND FUSE,,8610,1
FWJ-300A,300AMP 1000V AC SEMI-COND FUSE,,8915,1
FWJ-400A,400AMP 1000V AC SEMI-COND FUSE,,9045,1
FWL-20A20F,TRACTION FUSE 20Amp 1200V AC,,930,10
FWP-125A,BUSS HIGH SPEED FUSE,,2615,1
FWP-150A,BUSS HIGH SPEED FUSE,,2640,1
FWP-175A,BUSS HIGH SPEED FUSE,,2640,1
FWP-200A,BUSS HIGH SPEED FUSE,,2640,1
FWP-250A,BUSS HIGH SPEED FUSE,,2755,1
FWP-300A,BUSS HIGH SPEED FUSE,,3240,1
FWP-350A,BUSS HIGH SPEED FUSE,,3240,1
FWP-400A,BUSS HIGH SPEED FUSE,,3270,1
FWP-450A,BUSS HIGH SPEED FUSE,,4840,1
FWP-500A,BUSS HIGH SPEED FUSE,,4885,1
FWP-600A,BUSS HIGH SPEED FUSE,,5375,1
FWP-5B,5AMP 700V AC SEMI-COND FUSE,,960,10
FWP-10B,10AMP 700V AC SEM-COND FUSE,,960,10
FWP-15B,15AMP 700V AC SEMI-COND FUSE,,1000,10
FWP-20B,20AMP 700V AC SEMI-COND,,1000,10
FWP-25B,25AMP 700V AC SEMI-COND FUSE,,1000,10
FWP-30B,30AMP 700V AC SEMI-CONDUCTOR FUSE,,1000,10
FWP-35B,35AMP 700V AC SEMI-COND FUSE,,1930,5
FWP-40B,40AMP 700V AC SEMI-COND,,1960,5
FWP-50B,50AMP 700V AC SEMI-COND,,1960,5
FWP-60B,60AMP 700V AC SEMI-COND FUSE,,2130,5
FWP-70B,70AMP 700V AC SEMI-COND FUSE,,2195,1
FWP-80B,80AMP 700V AC SEMI-COND FUSE,,2195,1
FWP-1A14F,700V 1AMP S/COND FERRULE 14 X 51 MM,,450,10
FWP-2A14F,700V 2AMP S/COND FERRULE 14.3 X 50.8MM,,450,10
FWP-3A14F,700V 3AMP S/COND FERRULE 14 X 50 MM,,450,10
FWP-4A14F,700V 4AMP S/COND FERRULE 14 X 50 MM,,450,10
FWP-5A14F,5AMP 700V ac 14 X 51MM FERRULE,,420,10
FWP-6A14F,6A 700V AC FERRULE FUSE 14 X 51 MM,,440,10
FWP-10A14F,10AMP 700V AC FERRULE 14.3 X 50.8MM,,440,10
FWP-15A14F,15AMP 700V AC FERRULE 14.3 X 50.8MM,,440,10
FWP-20A14F,20AMP 700V AC FERRULE 14 X 51 MM,,440,10
FWP-25A14F,25AMP 700V AC FERRULE 14.3 X 50.8MM,,440,10
FWP-30A14F,30AMP 700V AC FERRULE 14 X 51 MM,,440,10
FWP-32A14F,32AMP 700V AC FERRULE 14 X 51 MM,,445,10
FWP-40A14F,40AMP 700V AC FERRULE 14 X 51 MM,,440,10
FWP-50A14F,50AMP 700V AC FERRULE 14 X 51 MM,,445,10
FWP-10A14FI,10A 690V 14X51 INDICATED 14.3 X 50.8MM,,420,10
FWP-15A14FI,15A 690V 14X51 INDICATED 14.3 X 50.8MM,,420,10
FWP-20A14FI,20A 690V 14X51 INDICATED 14.3 X 50.8MM,,420,10
FWP-25A14FI,25A 690V 14X51 INDICATED 14.3 X 50.8MM,,440,10
FWP-30A14FI,30A 690V 14X51 INDICATED 14.3 X 50.8MM,,440,10
FWP-32A14FI,32A 690V 14X51 INDICATED 14.3 X 50.8MM,,440,10
FWP-40A14FI,40A 690V 14X51 INDICATED 14.3 X 50.8MM,,440,10
FWP-50A14FI,50A 690V 14X51 INDICATED 14.3 X 50.8MM,,445,10
FWP-20A22F,20AMP 700V ac 22 X 58MM FERRULE,,660,10
FWP-25A22F,25AMP 700V ac 22 X 58MM FERRULE,,630,10
FWP-32A22F,32AMP 700V AC FERRULE 22 X 58 MM,,660,10
FWP-40A22F,40AMP 700V ac 22 X 58MM FERRULE,,660,10
FWP-50A22F,50AMP 700V ac 22 X 58MM FERRULE,,660,10
FWP-63A22F,63AMP 700V ac 22 X 58MM FERRULE,,825,10
FWP-80A22F,80AMP 700V ac 22 X 58MM FERRULE,,835,10
FWP-100A22F,100AMP 700V ac 22 X 58MM FERRULE,,1045,10
FWP-25A22FI,25A 690V 22X58 INDICATED 14 X 58MM,,680,10
FWP-32A22FI,32A 690V 22X58 INDICATED 22 X 58MM,,680,10
FWP-40A22FI,40A 690V 22X58 INDICATED 22 X 58MM,,680,10
FWP-50A22FI,50A 690V 22X58 INDICATED 22 X 58MM,,710,10
FWP-63A22FI,63A 690V 22X58 INDICATED 22 X 58MM,,880,10
FWP-80A22FI,80A 690V 22X58 INDICATED 22 X 58MM,,880,10
FWP-100A22FI,100A 600V 22X58 INDICATED 22 X 58MM,,1105,10
FWP-5AS14FI,5A 690V 14X51 INDICATED 14.3 X 50.8MM,,500,10
FWS-2A20F,2A 2000V AC TRACTION FUSE,,1260,10
FWS-6A20F,6A 2000V AC TRACTION FUSE DCR 2900,,1320,10
FWS-10A20F,10A 1400V AC SEMI-COND FUSE,,1385,10
FWS-15A20F,15A 1400V AC TRACTION FUSE,,1535,10
FWS-6A20FI,6A 2100V TRACTION FUSE WITH INDICATOR,,1770,10
FWS-10A20FI,10A 1400V TRACTION FUSE WITH INDICATOR,,2075,10
FWX-35A,BUSS HIGH SPEED FUSE,,1110,5
FWX-40A,BUSS HIGH SPEED FUSE,,1110,5
FWX-45A,BUSS SEMI CONDUCTOR FUSE,,1110,3
FWX-50A,BUSS HIGH SPEED FUSE,,1270,5
FWX-70A,BUSS HIGH SPEED FUSE,,1630,1
FWX-100A,BUSS HIGH SPEED FUSE,,1650,1
FWX-125A,BUSS HIGH SPEED FUSE,,1720,1
FWX-150A,BUSS HIGH SPEED FUSE,,2080,1
FWX-175A,BUSS HIGH SPEED FUSE,,2090,1
FWX-200A,BUSS HIGH SPEED FUSE,,2100,1
FWX-300A,BUSS HIGH SPEED FUSE,,2530,1
FWX-350A,BUSS HIGH SPEED FUSE,,2550,1
FWX-400A,BUSS HIGH SPEED FUSE,,2575,1
FWX-500A,BUSS HIGH SPEED FUSE,,2695,1
FWX-600A,BUSS HIGH SPEED FUSE,,2835,1
FWX-700A,BUSS HIGH SPEED FUSE,,2920,1
FWX-800A,BUSS HIGH SPEED FUSE,,2980,1
FWX-5A14F,250V 5AMP S/COND FERRULE 14.3 X 50.8MM,,385,10
FWX-10A14F,250V 10AMP S/COND FERRULE 14.3 X 50.8MM,,385,10
FWX-12A14F,250V 12AMP S/COND FERRULE 14.3 X 50.8MM,,385,10
FWX-15A14F,250V 15AMP S/COND FERRULE 14.3 X 50.8MM,,385,10
FWX-20A14F,20AMP 250V AC FERRULE 14.3 X 50.8MM,,385,10
FWX-25A14F,25AMP 250V AC FERRULE 14.3 X 50.8MM,,385,10
FWX-30A14F,30AMP 250V AC FERRULE 14.3 X 50.8MM,,425,10
FWX-50A14F,250V 50AMP S/COND FERRULE 14.3 X 50.8MM,,555,5
63NHM1B-690,NH FUSE 63AMP 690V aM SIZE1,,1210,3
125NHM1B-690,NH FUSE 125AMP 690V aM SIZE 1,,1210,3
160NHM1B-690,NH FUSE 160AMP 690V aM SIZE1,,1225,3
125NHM2B-690,NH FUSE 125AMP 690V aM SIZE 2,,1245,3
160NHM2B-690,NH FUSE 160AMP 690V AM SIZE 2 DUAL IND,,1220,3
200NHM2B-690,NH FUSE 200A 690V aM SIZE 2,,1245,3
250NHM2B-690,NH FUSE 250A 690V aM SIZE 2,,1245,3
315NHM2B-690,NH FUSE 315A 690V aM SIZE 2,,1310,3
355NHM2B-690,NH FUSE 355A 690V aM SIZE 2,,1310,3
315NHM3B-690,NH FUSE315A 690V aM SIZE 3,,1825,3
355NHM3B-690,NH FUSE 355A 690V aM SIZE 3,,1825,3
400NHM3B-690,NH FUSE 400A 690V AM SIZE 3,,1825,3
500NHM3B-690,NH FUSE 500A 690V AM SIZE 3,,1830,3
50NHG00B-690,NH FUSE 50AMP 690V gG SIZE 00,,265,3
63NHG00B-690,NH FUSE 63AMP 690V gG SIZE 00,,265,3
80NHG00B-690,NH FUSE 80AMP 690V gG SIZE 00 DUAL IND,,265,3
2NHG000B-690,NH FUSE 2AMP 690V GG SIZE 000,,195,3
4NHG000B-690,NH FUSE 4AMP 690V gG SIZE 000,,195,3
6NHG000B-690,NH FUSE 6AMP 690V gG SIZE 000,,195,3
10NHG000B-690,NH FUSE 10AMP 690V gG SIZE 000,,195,3
16NHG000B-690,NH FUSE 16AMP 690V gG SIZE 000,,195,3
20NHG000B-690,NH FUSE 20AMP 690V gG SIZE 000,,195,3
25NHG000B-690,NH FUSE 25AMP 690V GG SIZE 000,,195,3
32NHG000B-690,NH FUSE 32A 690V GG/GL SIZE 000,,195,3
35NHG000B-690,NH FUSE 35A 690V gG SIZE 000,,195,3
40NHG000B-690,NH FUSE 40A 690V gG SIZE 000,,195,3
50NHG000B-690,NH FUSE 50A 690V gG SIZE 000,,195,3
63NHG000B-690,NH FUSE 63A 690V gG SIZE 000,,195,3
100NHG00B-690,NH FUSE 100AMP 690V gG SIZE 00,,265,3
125NHG00B-690,NH FUSE 125AMP 690V gG SIZE 00,,305,3
50NHG1B-690,NH FUSE 50AMP 690V gG SIZE 1,,505,3
63NHG1B-690,NH FUSE 63AMP 690V gG SIZE 1,,505,3
80NHG1B-690,NH FUSE 80A 690V gG SIZE 1,,505,3
100NHG1B-690,NH FUSE 100AMP 690V gG SIZE 1,,505,3
125NHG1B-690,NH FUSE 125AMP 690V gG SIZE 1,,505,3
160NHG1B-690,NH FUSE 160AMP 690V gG SIZE 1,,590,3
224NHG1B-690,NH FUSE 224AMP 690V gG SIZE 1 DUAL IND,,590,3
250NHG1B-690,NH FUSE 250A 690V gG SIZE 1,,615,3
200NHG2B-690,NH FUSE 200AMP 690V gG SIZE 2,,1135,3
315NHG2B-690,NH FUSE 315A 690V gG SIZE 2,,1135,3
250NHG3B-690,NH FUSE 250A 690V gG SIZE 3,,1095,3
315NHG3B-690,NH FUSE 315A 690V gG SIZE 3,,1165,3
355NHG3B-690,NH FUSE 355AMP 690V gG SIZE 3,,1165,3
400NHG3B-690,NH FUSE 400A 690V gG SIZE 3,,1165,3
425NHG3B-690,NH FUSE 425A 690V gG SIZE 3,,1280,3
500NHG3B-690,NH FUSE 500A 690V gG SIZE 3,,1280,3
630NHG4B-690,BUSSMANN 630A 690V NH4 GG,,9460,1
800NHG4B-690,NH FUSE 800A 690V GG/GL SIZE 4,,9640,1
63NHG000BI-690,NH FUSE 63Amp 690V AC gG SIZE 000,,220,3
32NHG000BI-690,NH FUSE 32A 690V GG/GL SIZE 000,,220,3
170H3004,BASE CA 80 1250A 1000V UR 43653,,3420,1
170H3005,BASE CA 110 630A 1400V UR 43653,,3620,1
170H3006,BASE CA110 1250A 1400V UR 43653,,3655,1
C10NL,SOLID NEUTRAL LINK,,60,10
C14NL,SOLID NEUTRAL LINK,,105,10
CH221DU,1P 22x58  Fuse Holder,,625,6
CH222DU,2P 22x58  Fuse Holder,,1280,3
CH223DU,3P 22x58  Fuse Holder,,1865,2
CH222DIU,2P 22x58  Neon Indicator Fuse Holder,,1400,3
CH223DIU,3P 22x58  Neon Indicator Fuse Holder,,2155,2
CH224DIU,4P 22x58  Neon Indicator Fuse Holder,,2780,1
CHCC1DU,1Pole 30A 600V MFH For 10X38 Class CC,,210,12
CHCC2DU,2Pole 30A 600V MFH For 10X38 Class CC,,435,6
CHCC3DU,3Pole 30A 600V MFH For 10X38 Class CC,,670,4
CHCC1DIU,1P 10X38MFH30A 600V Class CC -indicator,,275,12
CHCC2DIU,2P 10X38MFH 30A 600V Class CC-indicator,,555,6
CHCC3DIU,3P 10X38 MFH 30A 600V Class CC-indicator,,935,4
CHM1DU,FUSE HOLDER 10 3X38 1P ,,145,12
CHM2DU,2Pole 30A 600V MFH For 10X38 Midget fuse,,370,6
CHM3DU,3Pole 30A 600V MFH For 10X38 Midget fuse,,485,4
CHM1DIU,1P 10X38MFH30A 600VMidget -indicator/Neu,,240,12
CHM2DIU,2P 10X38MFH30A 600V Midget - indicator,,500,6
CHM3DIU,3P 10X38MFH30A 600V Midget - indicator,,585,4
CHM4DIU,4P 10X38MFH30A 600V Midget withindicator,,1015,3
CH141DU,1P 14x51  Fuse Holder,,410,6
CH142DU,2P 14x51  Fuse Holder,,850,3
CH143DU,3P 14x51  Fuse Holder,,1340,2
CH141DIU,1P 14x51  Neon Indicator Fuse Holder,,520,6
CH143DIU,3P 14x51  Neon Indicator Fuse Holder,,1590,2
CH14-SPS,AUXILIARY SWITCH TO WORK ON CH141D,,980,1
CH127-1,FUSEHOLDER FOR 22MM X 127MM 1 POLE,,3390,4
CH127-2,FUSEHOLDER FOR 22MM X 127MM 2 POLE,,6785,2
CH127-3,FUSEHOLDER FOR 22MM X 127MM 3 POLE,,9330,1
FC00,FUSE COVER POLYESTER BASES NH 00,,105,3
FEH,FUSE EXTRACTION HANDLE DCR 3937,,850,1
TD00-D,Triple Pole Base NH00,,755,1
TD1-D,NH1 Triple Pole base CE,,2400,1
TD2-D,NH2 Triple Pole base CE,,2795,1
TD3-D,NH3 Triple Pole Base CE,,3830,1
TD00-IP20,NH00 IP20 Triple Pole Protection kit,,375,1
TD00-IP20IC,NH00 IP20 Integral 3 Pole Protection,,360,1
TD1-IP20,NH1 IP20 Triple Pole Protection kit,,1475,1
TD2-IP20,NH2 IP20 Triple Pole Protection kit,,1535,1
TD3-IP20,NH3 IP20 Triple Pole Protection kit,,1775,1
SD00-D,NH00 SINGLE POLE SILVER 1/4 SCREW,,410,3
SD00-PB,Size 00 Phase barrier kit,,135,2
SD00-S,NH00 SINGLE POLE SILVER,,390,3
CM30CF,CMSTR ADAPTABLE TO FB/BB 30A 660V,,1190,10
CM32FW,32A 660V WHT F/HOLD(10)1.8KG,,1110,10
CM32FC,32A 660V COMP F/HOLD(10)1.3KG,,1110,10
CM63F,63A 660V CMSTR F/HOLD(10)2.2KG,,1325,10
TCFH30N,CUBEFUSE HOLDER 30 AMP,,500,12
TCFH60N,CUBEFUSE HOLDER 60 AMP,,1215,12
TCFH100N,CUBFUSE 100 AMP HOLDER HIGH PROFILE,,1430,6
